,start,gl,searchTerms,rank,title,snippet,displayLink,link,queryTime,totalResults,cacheId,count,cseName,cx,fileFormat,formattedSearchTime,formattedTotalResults,formattedUrl,htmlFormattedUrl,htmlSnippet,htmlTitle,inputEncoding,kind,mime,outputEncoding,pagemap,safe,searchTime,startIndex,cse_thumbnail,metatags,cse_image,product,imageobject,aggregaterating,organization,hproduct,thumbnail,Item,viewport,referrer,og:image,moddate,creationdate,creator,producer,og:type,og:image:width,twitter:card,twitter:title,og:site_name,msvalidate.01,og:title,og:image:height,twitter:label1,og:description,article:publisher,twitter:image,twitter:data1,twitter:site,article:modified_time,twitter:description,og:locale,og:url,copyright,apple-mobile-web-app-status-bar-style,apple-mobile-web-app-capable,author,msapplication-tilecolor,p:domain_verify,theme-color,msapplication-tileimage,article:published_time,og:updated_time,citation_publication_date,citation_title,citation_author_institution,twitter:url,citation_publisher,citation_journal_title,ncbi_pdid,ncbi_phid,ncbi_cost_center,og:image:secure_url,uid,ncbi_db,ncbi_pinger_stat_url,log_category,citation_lastpage,citation_pmid,handheldfriendly,twitter:domain,citation_journal_abbrev,ncbi_app,log_icons_present,citation_author,log_op,log_source_db,citation_firstpage,log_displayeduids,ncbi_uid,mobileoptimized,citation_volume,nyt_uri,twitter:app:id:googleplay,pt,pdate,articleid,al:android:package,al:ipad:app_store_id,twitter:app:name:googleplay,pst,al:iphone:app_name,news_keywords,article:content_tier,msapplication-starturl,image,metatag_thumbnail,article:section,cg,pubp_event_id,url,article:tag,al:iphone:url,al:android:url,twitter:app:url:googleplay,fb:app_id,al:ipad:url,byl,al:iphone:app_store_id,al:ipad:app_name,al:android:app_name,article:opinion,cleartype,twitter:creator,twitter:image:alt,fb:admins,application-name,og:image:alt,fb:pages,article:author,twitter:image:src,mobile-web-app-capable,bvdatemodified,metatag_title,shopify-checkout-api-token,shopify-digital-wallet,tec-api-origin,tec-api-version
0,1,us,Apple,1,Apple: Jung Seed Company,"Jung Seed has been a leading supplier of organic, heirloom, fruit, vegetable, 
flower, herb, perennial, and annual plants and seeds since 1907.",www.jungseed.com,https://www.jungseed.com/category/629,2020-12-29 11:59:54.389708+00:00,7850000,,10,Holisticseo.digital,7b8760de16d1e86bc,,0.47,"7,850,000",https://www.jungseed.com/category/629,https://www.jungseed.com/category/629,"Jung Seed has been a leading supplier of organic, heirloom, fruit, vegetable, <br>
flower, herb, perennial, and annual plants and seeds since 1907.",<b>Apple</b>: Jung Seed Company,utf8,customsearch#result,,utf8,"{'cse_thumbnail': [{'src': 'https://encrypted-tbn3.gstatic.com/images?q=tbn:ANd9GcTxxq6ivvmaAidHeDYluZytRDF71LPT8K0lZzr7OIuF9YFhKbmERa3gUsh9', 'width': '225', 'height': '225'}], 'metatags': [{'viewport': 'width=device-width'}], 'cse_image': [{'src': 'https://s3.amazonaws.com/cdn.jungseed.com/images/uploads/category_631_4152.jpg'}]}",off,0.470787,1,"[{'src': 'https://encrypted-tbn3.gstatic.com/images?q=tbn:ANd9GcTxxq6ivvmaAidHeDYluZytRDF71LPT8K0lZzr7OIuF9YFhKbmERa3gUsh9', 'width': '225', 'height': '225'}]",[{'viewport': 'width=device-width'}],[{'src': 'https://s3.amazonaws.com/cdn.jungseed.com/images/uploads/category_631_4152.jpg'}],,,,,,,,width=device-width,,,,,,,,,,,,,,,,,,,,,,,,,,,,,,,,,,,,,,,,,,,,,,,,,,,,,,,,,,,,,,,,,,,,,,,,,,,,,,,,,,,,,,,,,,,,,,,,,,,,,,,,,,,,,
1,1,us,Apple,2,Sugar-apple - Wikipedia,"The sugar-apple, or sweetsop, is the fruit of Annona squamosa, the most widely 
grown species of Annona and a native of tropical climate in the Americas and ...",en.wikipedia.org,https://en.wikipedia.org/wiki/Sugar-apple,2020-12-29 11:59:54.389708+00:00,7850000,5x9lO_my2ogJ,10,Holisticseo.digital,7b8760de16d1e86bc,,0.47,"7,850,000",https://en.wikipedia.org/wiki/Sugar-apple,https://en.wikipedia.org/wiki/Sugar-<b>apple</b>,"The sugar-<b>apple</b>, or sweetsop, is the fruit of Annona squamosa, the most widely <br>
grown species of Annona and a native of tropical climate in the Americas and&nbsp;...",Sugar-<b>apple</b> - Wikipedia,utf8,customsearch#result,,utf8,"{'cse_thumbnail': [{'src': 'https://encrypted-tbn2.gstatic.com/images?q=tbn:ANd9GcThc--8uvh23u6r3CWFi9-VwPMBMNqVxzU_gk8K1SUYObOOTA-K_DdFCfU5', 'width': '190', 'height': '265'}], 'metatags': [{'referrer': 'origin', 'og:image': 'https://upload.wikimedia.org/wikipedia/commons/5/5d/Flora_Sinensis_-_Custard_Apple.JPG'}], 'cse_image': [{'src': 'https://upload.wikimedia.org/wikipedia/commons/5/5d/Flora_Sinensis_-_Custard_Apple.JPG'}]}",off,0.470787,1,"[{'src': 'https://encrypted-tbn2.gstatic.com/images?q=tbn:ANd9GcThc--8uvh23u6r3CWFi9-VwPMBMNqVxzU_gk8K1SUYObOOTA-K_DdFCfU5', 'width': '190', 'height': '265'}]","[{'referrer': 'origin', 'og:image': 'https://upload.wikimedia.org/wikipedia/commons/5/5d/Flora_Sinensis_-_Custard_Apple.JPG'}]",[{'src': 'https://upload.wikimedia.org/wikipedia/commons/5/5d/Flora_Sinensis_-_Custard_Apple.JPG'}],,,,,,,,,origin,https://upload.wikimedia.org/wikipedia/commons/5/5d/Flora_Sinensis_-_Custard_Apple.JPG,,,,,,,,,,,,,,,,,,,,,,,,,,,,,,,,,,,,,,,,,,,,,,,,,,,,,,,,,,,,,,,,,,,,,,,,,,,,,,,,,,,,,,,,,,,,,,,,,,,,,,,,,,,
2,1,us,Apple,3,Apples,"2). Apple varieties selected for a particular growing. Figure 1. Apple tree at 
harvest. Figure 2. Chill hour zones in Texas.",aggie-horticulture.tamu.edu,https://aggie-horticulture.tamu.edu/fruit-nut/files/2015/04/apples_2015.pdf,2020-12-29 11:59:54.389708+00:00,7850000,KMrVz8i-3F0J,10,Holisticseo.digital,7b8760de16d1e86bc,PDF/Adobe Acrobat,0.47,"7,850,000",https://aggie-horticulture.tamu.edu/fruit-nut/files/2015/.../apples_2015.pdf,https://aggie-horticulture.tamu.edu/fruit-nut/files/2015/.../<b>apples</b>_2015.pdf,"2). <b>Apple</b> varieties selected for a particular growing. Figure 1. <b>Apple</b> tree at <br>
harvest. Figure 2. Chill hour zones in Texas.",<b>Apples</b>,utf8,customsearch#result,application/pdf,utf8,"{'cse_thumbnail': [{'src': 'https://encrypted-tbn1.gstatic.com/images?q=tbn:ANd9GcQMi_kwPlL6j6OwNp5vNX_SA3g9U9tWj_iuEtzS7r7yQuGNXx3w8V0xAz4', 'width': '273', 'height': '185'}], 'metatags': [{'moddate': ""D:20140203075449-06'00'"", 'creationdate': ""D:20140131170858-06'00'"", 'creator': 'Adobe InDesign CS6 (Macintosh)', 'producer': 'Adobe PDF Library 10.0.1'}], 'cse_image': [{'src': 'x-raw-image:///8f342fe3e71875b99d7aa4100e79da0608278677fdc122b2a22f32477c8eea71'}]}",off,0.470787,1,"[{'src': 'https://encrypted-tbn1.gstatic.com/images?q=tbn:ANd9GcQMi_kwPlL6j6OwNp5vNX_SA3g9U9tWj_iuEtzS7r7yQuGNXx3w8V0xAz4', 'width': '273', 'height': '185'}]","[{'moddate': ""D:20140203075449-06'00'"", 'creationdate': ""D:20140131170858-06'00'"", 'creator': 'Adobe InDesign CS6 (Macintosh)', 'producer': 'Adobe PDF Library 10.0.1'}]",[{'src': 'x-raw-image:///8f342fe3e71875b99d7aa4100e79da0608278677fdc122b2a22f32477c8eea71'}],,,,,,,,,,,D:20140203075449-06'00',D:20140131170858-06'00',Adobe InDesign CS6 (Macintosh),Adobe PDF Library 10.0.1,,,,,,,,,,,,,,,,,,,,,,,,,,,,,,,,,,,,,,,,,,,,,,,,,,,,,,,,,,,,,,,,,,,,,,,,,,,,,,,,,,,,,,,,,,,,,,,,,,,,,,,
3,1,us,Apple,4,Rambo apple - Wikipedia,"The origins of the Rambo apple cultivar are unknown. It may date back to the 
American colony of New Sweden, when in 1637 Peter Gunnarsson Rambo, ...",en.wikipedia.org,https://en.wikipedia.org/wiki/Rambo_apple,2020-12-29 11:59:54.389708+00:00,7850000,ekfRo7nwpj0J,10,Holisticseo.digital,7b8760de16d1e86bc,,0.47,"7,850,000",https://en.wikipedia.org/wiki/Rambo_apple,https://en.wikipedia.org/wiki/Rambo_<b>apple</b>,"The origins of the Rambo <b>apple</b> cultivar are unknown. It may date back to the <br>
American colony of New Sweden, when in 1637 Peter Gunnarsson Rambo,&nbsp;...",Rambo <b>apple</b> - Wikipedia,utf8,customsearch#result,,utf8,"{'cse_thumbnail': [{'src': 'https://encrypted-tbn1.gstatic.com/images?q=tbn:ANd9GcQPy_1sjYLe3AOUK5TKwgvNEYSvFyFAkri3UQtxcAlNDmnfyAx4gDm0V9Cb', 'width': '185', 'height': '272'}], 'metatags': [{'referrer': 'origin', 'og:image': 'https://upload.wikimedia.org/wikipedia/commons/thumb/f/f2/Pomological_Watercolor_POM00002880.jpg/1200px-Pomological_Watercolor_POM00002880.jpg'}], 'cse_image': [{'src': 'https://upload.wikimedia.org/wikipedia/commons/thumb/f/f2/Pomological_Watercolor_POM00002880.jpg/1200px-Pomological_Watercolor_POM00002880.jpg'}]}",off,0.470787,1,"[{'src': 'https://encrypted-tbn1.gstatic.com/images?q=tbn:ANd9GcQPy_1sjYLe3AOUK5TKwgvNEYSvFyFAkri3UQtxcAlNDmnfyAx4gDm0V9Cb', 'width': '185', 'height': '272'}]","[{'referrer': 'origin', 'og:image': 'https://upload.wikimedia.org/wikipedia/commons/thumb/f/f2/Pomological_Watercolor_POM00002880.jpg/1200px-Pomological_Watercolor_POM00002880.jpg'}]",[{'src': 'https://upload.wikimedia.org/wikipedia/commons/thumb/f/f2/Pomological_Watercolor_POM00002880.jpg/1200px-Pomological_Watercolor_POM00002880.jpg'}],,,,,,,,,origin,https://upload.wikimedia.org/wikipedia/commons/thumb/f/f2/Pomological_Watercolor_POM00002880.jpg/1200px-Pomological_Watercolor_POM00002880.jpg,,,,,,,,,,,,,,,,,,,,,,,,,,,,,,,,,,,,,,,,,,,,,,,,,,,,,,,,,,,,,,,,,,,,,,,,,,,,,,,,,,,,,,,,,,,,,,,,,,,,,,,,,,,
4,1,us,Apple,5,Apple Variety Picking Schedule – Tougas Family Farm ...,"Apple Ripening Schedule: Here is a list of all the major apple varieties we grow (
in order of ripening), and we plant new varieties every year!",tougasfamilyfarm.com,http://tougasfamilyfarm.com/apple-varieties/,2020-12-29 11:59:54.389708+00:00,7850000,AnK6Pfzjk_QJ,10,Holisticseo.digital,7b8760de16d1e86bc,,0.47,"7,850,000",tougasfamilyfarm.com/apple-varieties/,tougasfamilyfarm.com/<b>apple</b>-varieties/,"<b>Apple</b> Ripening Schedule: Here is a list of all the major <b>apple</b> varieties we grow (<br>
in order of ripening), and we plant new varieties every year!",<b>Apple</b> Variety Picking Schedule – Tougas Family Farm ...,utf8,customsearch#result,,utf8,"{'cse_thumbnail': [{'src': 'https://encrypted-tbn0.gstatic.com/images?q=tbn:ANd9GcQgC22RIvDohnY4nWQ0haKq2uUVB0lA_JafKT_OTxH0GheqhSg_bS_yL-U', 'width': '321', 'height': '157'}], 'metatags': [{'viewport': 'width=device-width'}], 'cse_image': [{'src': 'http://tougasfamilyfarm.com/wp-content/uploads/2015/10/Pumpkin-Tree.jpg'}]}",off,0.470787,1,"[{'src': 'https://encrypted-tbn0.gstatic.com/images?q=tbn:ANd9GcQgC22RIvDohnY4nWQ0haKq2uUVB0lA_JafKT_OTxH0GheqhSg_bS_yL-U', 'width': '321', 'height': '157'}]",[{'viewport': 'width=device-width'}],[{'src': 'http://tougasfamilyfarm.com/wp-content/uploads/2015/10/Pumpkin-Tree.jpg'}],,,,,,,,width=device-width,,,,,,,,,,,,,,,,,,,,,,,,,,,,,,,,,,,,,,,,,,,,,,,,,,,,,,,,,,,,,,,,,,,,,,,,,,,,,,,,,,,,,,,,,,,,,,,,,,,,,,,,,,,,,
5,1,us,Apple,6,Apple Varieties,"Types of Apples · Red Delicious · Gala · Fuji · Granny Smith · Honeycrisp · Pink 
Lady® (Cripps Pink cv.) · Golden Delicious · More Apples.",bestapples.com,https://bestapples.com/varieties-information/varieties/,2020-12-29 11:59:54.389708+00:00,7850000,Rc1z6uRKB5IJ,10,Holisticseo.digital,7b8760de16d1e86bc,,0.47,"7,850,000",https://bestapples.com/varieties-information/varieties/,https://best<b>apples</b>.com/varieties-information/varieties/,"Types of <b>Apples</b> &middot; Red Delicious &middot; Gala &middot; Fuji &middot; Granny Smith &middot; Honeycrisp &middot; Pink <br>
Lady® (Cripps Pink cv.) &middot; Golden Delicious &middot; More <b>Apples</b>.",<b>Apple</b> Varieties,utf8,customsearch#result,,utf8,"{'cse_thumbnail': [{'src': 'https://encrypted-tbn0.gstatic.com/images?q=tbn:ANd9GcSzsK15td7knNGWHS48XCFI9eShm0P1NgETZ9hTHP5j0AuEt9_RiL1N_Uo', 'width': '310', 'height': '163'}], 'metatags': [{'og:image': 'https://bestapples.com/wp-content/uploads/2015/07/washington-apples-fb-sharing.jpg', 'og:type': 'article', 'og:image:width': '1200', 'twitter:card': 'summary', 'twitter:title': 'Washington Apple Varieties', 'og:site_name': 'Washington Apple Commission', 'msvalidate.01': '9FFAAF9F5F99F65182A93591A1DFE4FD', 'og:title': 'Washington Apple Varieties', 'og:image:height': '630', 'twitter:label1': 'Est. reading time', 'og:description': 'Learn about the many delicious varieties of Washington Apples!', 'article:publisher': 'https://www.facebook.com/washingtonapples', 'twitter:image': 'https://bestapples.com/wp-content/uploads/2015/07/washington-apples-tw-sharing.jpg', 'twitter:data1': '0 minutes', 'twitter:site': '@washington_appl', 'article:modified_time': '2020-05-01T17:45:52+00:00', 'viewport': 'width=device-width, initial-scale=1.0', 'twitter:description': 'Learn about the many delicious varieties of Washington Apples!', 'og:locale': 'en_US', 'og:url': 'https://bestapples.com/varieties-information/varieties/'}], 'cse_image': [{'src': 'https://bestapples.com/wp-content/uploads/2015/07/washington-apples-fb-sharing.jpg'}]}",off,0.470787,1,"[{'src': 'https://encrypted-tbn0.gstatic.com/images?q=tbn:ANd9GcSzsK15td7knNGWHS48XCFI9eShm0P1NgETZ9hTHP5j0AuEt9_RiL1N_Uo', 'width': '310', 'height': '163'}]","[{'og:image': 'https://bestapples.com/wp-content/uploads/2015/07/washington-apples-fb-sharing.jpg', 'og:type': 'article', 'og:image:width': '1200', 'twitter:card': 'summary', 'twitter:title': 'Washington Apple Varieties', 'og:site_name': 'Washington Apple Commission', 'msvalidate.01': '9FFAAF9F5F99F65182A93591A1DFE4FD', 'og:title': 'Washington Apple Varieties', 'og:image:height': '630', 'twitter:label1': 'Est. reading time', 'og:description': 'Learn about the many delicious varieties of Washington Apples!', 'article:publisher': 'https://www.facebook.com/washingtonapples', 'twitter:image': 'https://bestapples.com/wp-content/uploads/2015/07/washington-apples-tw-sharing.jpg', 'twitter:data1': '0 minutes', 'twitter:site': '@washington_appl', 'article:modified_time': '2020-05-01T17:45:52+00:00', 'viewport': 'width=device-width, initial-scale=1.0', 'twitter:description': 'Learn about the many delicious varieties of Washington Apples!', 'og:locale': 'en_US', 'og:url': 'https://bestapples.com/varieties-information/varieties/'}]",[{'src': 'https://bestapples.com/wp-content/uploads/2015/07/washington-apples-fb-sharing.jpg'}],,,,,,,,"width=device-width, initial-scale=1.0",,https://bestapples.com/wp-content/uploads/2015/07/washington-apples-fb-sharing.jpg,,,,,article,1200,summary,Washington Apple Varieties,Washington Apple Commission,9FFAAF9F5F99F65182A93591A1DFE4FD,Washington Apple Varieties,630,Est. reading time,Learn about the many delicious varieties of Washington Apples!,https://www.facebook.com/washingtonapples,https://bestapples.com/wp-content/uploads/2015/07/washington-apples-tw-sharing.jpg,0 minutes,@washington_appl,2020-05-01T17:45:52+00:00,Learn about the many delicious varieties of Washington Apples!,en_US,https://bestapples.com/varieties-information/varieties/,,,,,,,,,,,,,,,,,,,,,,,,,,,,,,,,,,,,,,,,,,,,,,,,,,,,,,,,,,,,,,,,,,,,,,,,,,,,,,,,,,,,,
6,1,us,Apple,7,Directory of apple varieties starting with A,"Classic Victorian 'pearmain' shape apple with a nutty sweet flavour. Adanac. 
Medium-sized, yellow-green underecolor with striped red wash. Good dessert 
quality.",www.orangepippin.com,https://www.orangepippin.com/varieties/apples/a,2020-12-29 11:59:54.389708+00:00,7850000,AQwS8Th9yEwJ,10,Holisticseo.digital,7b8760de16d1e86bc,,0.47,"7,850,000",https://www.orangepippin.com/varieties/apples/a,https://www.orangepippin.com/varieties/<b>apples</b>/a,"Classic Victorian &#39;pearmain&#39; shape <b>apple</b> with a nutty sweet flavour. Adanac. <br>
Medium-sized, yellow-green underecolor with striped red wash. Good dessert <br>
quality.",Directory of <b>apple</b> varieties starting with A,utf8,customsearch#result,,utf8,"{'cse_thumbnail': [{'src': 'https://encrypted-tbn3.gstatic.com/images?q=tbn:ANd9GcTxjnnvd27_maj9DZDmjDPIXo3JKoNYh9-hzpzW17R-v6XFDM_bH3ZuqYk', 'width': '322', 'height': '152'}], 'product': [{'name': 'Apple - Aceymac', 'url': 'Aceymac'}, {'name': ""Apple - Adams's Pearmain"", 'url': ""Adams's Pearmain""}, {'name': 'Apple - Adanac', 'url': 'Adanac'}, {'name': 'Apple - Airlie Red Flesh', 'url': 'Airlie Red Flesh'}, {'name': 'Apple - Akane', 'url': 'Akane'}, {'name': 'Apple - Akero', 'url': 'Akero'}, {'name': 'Apple - Albany Beauty', 'url': 'Albany Beauty'}, {'name': 'Apple - Albermarle Pippin', 'url': 'Albermarle Pippin'}, {'name': 'Apple - Alderman', 'url': 'Alderman'}, {'name': 'Apple - Alexander', 'url': 'Alexander'}, {'name': 'Apple - Alfriston', 'url': 'Alfriston'}, {'name': 'Apple - Alkmene', 'url': 'Alkmene'}, {'name': ""Apple - Allen's Everlasting"", 'url': ""Allen's Everlasting""}, {'name': 'Apple - Allington Pippin', 'url': 'Allington Pippin'}, {'name': 'Apple - Almata', 'url': 'Almata'}, {'name': 'Apple - Ambrosia', 'url': 'Ambrosia'}, {'name': 'Apple - American Mother', 'url': 'American Mother'}, {'name': 'Apple - American Summer Pearmain', 'url': 'American Summer Pearmain'}, {'name': 'Apple - Ananas Reinette', 'url': 'Ananas Reinette'}, {'name': 'Apple - Anna', 'url': 'Anna'}, {'name': 'Apple - Annie Elizabeth', 'url': 'Annie Elizabeth'}, {'name': 'Apple - Antonovka', 'url': 'Antonovka'}, {'name': 'Apple - Antonovka Kamenichka', 'url': 'Antonovka Kamenichka'}, {'name': 'Apple - Api', 'url': 'Api'}, {'name': 'Apple - Api Etoile', 'url': 'Api Etoile'}, {'name': 'Apple - Apricot', 'url': 'Apricot'}, {'name': 'Apple - Ard Cairn Russet', 'url': 'Ard Cairn Russet'}, {'name': 'Apple - Ariane', 'url': 'Ariane'}, {'name': 'Apple - Arkansas Black', 'url': 'Arkansas Black'}, {'name': 'Apple - Arlet', 'url': 'Arlet'}, {'name': 'Apple - Arlington Pippin', 'url': 'Arlington Pippin'}, {'name': 'Apple - Aroma', 'url': 'Aroma'}, {'name': 'Apple - Aromatic Russet', 'url': 'Aromatic Russet'}, {'name': 'Apple - Arthur Turner', 'url': 'Arthur Turner'}, {'name': 'Apple - Arthur W Barnes', 'url': 'Arthur W Barnes'}, {'name': ""Apple - Ashmead's Kernel"", 'url': ""Ashmead's Kernel""}, {'name': 'Apple - Autumn Gold', 'url': 'Autumn Gold'}], 'imageobject': [{'url': 'https://www.orangepippin.com/images/layout/header-apple.jpg'}], 'aggregaterating': [{'ratingvalue': '2.00', 'reviewcount': '2'}, {'ratingvalue': '3.00', 'reviewcount': '1'}, {'ratingvalue': '5.00', 'reviewcount': '1'}, {'ratingvalue': '5.00', 'reviewcount': '2'}, {'ratingvalue': '5.00', 'reviewcount': '1'}, {'ratingvalue': '4.00', 'reviewcount': '2'}, {'ratingvalue': '4.00', 'reviewcount': '16'}, {'ratingvalue': '4.00', 'reviewcount': '2'}, {'ratingvalue': '4.00', 'reviewcount': '8'}, {'ratingvalue': '4.00', 'reviewcount': '1'}, {'ratingvalue': '5.00', 'reviewcount': '2'}, {'ratingvalue': '4.00', 'reviewcount': '1'}, {'ratingvalue': '4.00', 'reviewcount': '5'}, {'ratingvalue': '4.00', 'reviewcount': '2'}, {'ratingvalue': '4.00', 'reviewcount': '1'}, {'ratingvalue': '4.00', 'reviewcount': '1'}, {'ratingvalue': '4.00', 'reviewcount': '1'}, {'ratingvalue': '4.00', 'reviewcount': '4'}], 'organization': [{'name': 'Orange Pippin', 'url': 'https://www.orangepippin.com/'}], 'metatags': [{'copyright': 'Copyright Orange Pippin Ltd', 'apple-mobile-web-app-status-bar-style': 'black', 'og:site_name': 'Orange Pippin - the directory of apples, pears, plums, cherries and orchard fruits.', 'viewport': 'width=device-width, initial-scale=1, shrink-to-fit=no', 'apple-mobile-web-app-capable': 'yes', 'author': 'Orange Pippin Ltd', 'og:locale': 'en_US', 'og:url': 'https://www.orangepippin.com/varieties/apples/a'}], 'cse_image': [{'src': 'https://www.orangepippin.com/images/layout/header-apple.jpg'}], 'hproduct': [{'fn': 'Apple - Aceymac', 'url': 'https://www.orangepippin.com/varieties/apples/aceymac'}, {'fn': ""Apple - Adams's Pearmain"", 'url': 'https://www.orangepippin.com/varieties/apples/adams-pearmain'}, {'fn': 'Apple - Adanac', 'url': 'https://www.orangepippin.com/varieties/apples/adanac'}, {'fn': 'Apple - Airlie Red Flesh', 'url': 'https://www.orangepippin.com/varieties/apples/airlie-red-flesh'}, {'fn': 'Apple - Akane', 'url': 'https://www.orangepippin.com/varieties/apples/akane'}, {'fn': 'Apple - Akero', 'url': 'https://www.orangepippin.com/varieties/apples/akero'}, {'fn': 'Apple - Albany Beauty', 'url': 'https://www.orangepippin.com/varieties/apples/albany-beauty'}, {'fn': 'Apple - Albermarle Pippin', 'url': 'https://www.orangepippin.com/varieties/apples/newtown-pippin'}, {'fn': 'Apple - Alderman', 'url': 'https://www.orangepippin.com/varieties/apples/alderman'}, {'fn': 'Apple - Alexander', 'url': 'https://www.orangepippin.com/varieties/apples/alexander'}, {'fn': 'Apple - Alfriston', 'url': 'https://www.orangepippin.com/varieties/apples/alfriston'}, {'fn': 'Apple - Alkmene', 'url': 'https://www.orangepippin.com/varieties/apples/alkmene'}, {'fn': ""Apple - Allen's Everlasting"", 'url': 'https://www.orangepippin.com/varieties/apples/allens-everlasting'}, {'fn': 'Apple - Allington Pippin', 'url': 'https://www.orangepippin.com/varieties/apples/allington-pippin'}, {'fn': 'Apple - Almata', 'url': 'https://www.orangepippin.com/varieties/apples/almata'}, {'fn': 'Apple - Ambrosia', 'url': 'https://www.orangepippin.com/varieties/apples/ambrosia'}, {'fn': 'Apple - American Mother', 'url': 'https://www.orangepippin.com/varieties/apples/mother'}, {'fn': 'Apple - American Summer Pearmain', 'url': 'https://www.orangepippin.com/varieties/apples/american-summer-pearmain'}, {'fn': 'Apple - Ananas Reinette', 'url': 'https://www.orangepippin.com/varieties/apples/ananas-reinette'}, {'fn': 'Apple - Anna', 'url': 'https://www.orangepippin.com/varieties/apples/anna'}, {'fn': 'Apple - Annie Elizabeth', 'url': 'https://www.orangepippin.com/varieties/apples/annie-elizabeth'}, {'fn': 'Apple - Antonovka', 'url': 'https://www.orangepippin.com/varieties/apples/antonovka'}, {'fn': 'Apple - Antonovka Kamenichka', 'url': 'https://www.orangepippin.com/varieties/apples/antonovka-kamenichka'}, {'fn': 'Apple - Api', 'url': 'https://www.orangepippin.com/varieties/apples/lady'}, {'fn': 'Apple - Api Etoile', 'url': 'https://www.orangepippin.com/varieties/apples/api-etoile'}, {'fn': 'Apple - Apricot', 'url': 'https://www.orangepippin.com/varieties/apples/apricot'}, {'fn': 'Apple - Ard Cairn Russet', 'url': 'https://www.orangepippin.com/varieties/apples/ard-cairn-russet'}, {'fn': 'Apple - Ariane', 'url': 'https://www.orangepippin.com/varieties/apples/ariane'}, {'fn': 'Apple - Arkansas Black', 'url': 'https://www.orangepippin.com/varieties/apples/arkansas-black'}, {'fn': 'Apple - Arlet', 'url': 'https://www.orangepippin.com/varieties/apples/arlet-swiss-gourmet'}, {'fn': 'Apple - Arlington Pippin', 'url': 'https://www.orangepippin.com/varieties/apples/arlington-pippin'}, {'fn': 'Apple - Aroma', 'url': 'https://www.orangepippin.com/varieties/apples/aroma'}, {'fn': 'Apple - Aromatic Russet', 'url': 'https://www.orangepippin.com/varieties/apples/aromatic-russet'}, {'fn': 'Apple - Arthur Turner', 'url': 'https://www.orangepippin.com/varieties/apples/arthur-turner'}, {'fn': 'Apple - Arthur W Barnes', 'url': 'https://www.orangepippin.com/varieties/apples/arthur-w-barnes'}, {'fn': ""Apple - Ashmead's Kernel"", 'url': 'https://www.orangepippin.com/varieties/apples/ashmeads-kernel'}, {'fn': 'Apple - Autumn Gold', 'url': 'https://www.orangepippin.com/varieties/apples/autumn-gold'}]}",off,0.470787,1,"[{'src': 'https://encrypted-tbn3.gstatic.com/images?q=tbn:ANd9GcTxjnnvd27_maj9DZDmjDPIXo3JKoNYh9-hzpzW17R-v6XFDM_bH3ZuqYk', 'width': '322', 'height': '152'}]","[{'copyright': 'Copyright Orange Pippin Ltd', 'apple-mobile-web-app-status-bar-style': 'black', 'og:site_name': 'Orange Pippin - the directory of apples, pears, plums, cherries and orchard fruits.', 'viewport': 'width=device-width, initial-scale=1, shrink-to-fit=no', 'apple-mobile-web-app-capable': 'yes', 'author': 'Orange Pippin Ltd', 'og:locale': 'en_US', 'og:url': 'https://www.orangepippin.com/varieties/apples/a'}]",[{'src': 'https://www.orangepippin.com/images/layout/header-apple.jpg'}],"[{'name': 'Apple - Aceymac', 'url': 'Aceymac'}, {'name': ""Apple - Adams's Pearmain"", 'url': ""Adams's Pearmain""}, {'name': 'Apple - Adanac', 'url': 'Adanac'}, {'name': 'Apple - Airlie Red Flesh', 'url': 'Airlie Red Flesh'}, {'name': 'Apple - Akane', 'url': 'Akane'}, {'name': 'Apple - Akero', 'url': 'Akero'}, {'name': 'Apple - Albany Beauty', 'url': 'Albany Beauty'}, {'name': 'Apple - Albermarle Pippin', 'url': 'Albermarle Pippin'}, {'name': 'Apple - Alderman', 'url': 'Alderman'}, {'name': 'Apple - Alexander', 'url': 'Alexander'}, {'name': 'Apple - Alfriston', 'url': 'Alfriston'}, {'name': 'Apple - Alkmene', 'url': 'Alkmene'}, {'name': ""Apple - Allen's Everlasting"", 'url': ""Allen's Everlasting""}, {'name': 'Apple - Allington Pippin', 'url': 'Allington Pippin'}, {'name': 'Apple - Almata', 'url': 'Almata'}, {'name': 'Apple - Ambrosia', 'url': 'Ambrosia'}, {'name': 'Apple - American Mother', 'url': 'American Mother'}, {'name': 'Apple - American Summer Pearmain', 'url': 'American Summer Pearmain'}, {'name': 'Apple - Ananas Reinette', 'url': 'Ananas Reinette'}, {'name': 'Apple - Anna', 'url': 'Anna'}, {'name': 'Apple - Annie Elizabeth', 'url': 'Annie Elizabeth'}, {'name': 'Apple - Antonovka', 'url': 'Antonovka'}, {'name': 'Apple - Antonovka Kamenichka', 'url': 'Antonovka Kamenichka'}, {'name': 'Apple - Api', 'url': 'Api'}, {'name': 'Apple - Api Etoile', 'url': 'Api Etoile'}, {'name': 'Apple - Apricot', 'url': 'Apricot'}, {'name': 'Apple - Ard Cairn Russet', 'url': 'Ard Cairn Russet'}, {'name': 'Apple - Ariane', 'url': 'Ariane'}, {'name': 'Apple - Arkansas Black', 'url': 'Arkansas Black'}, {'name': 'Apple - Arlet', 'url': 'Arlet'}, {'name': 'Apple - Arlington Pippin', 'url': 'Arlington Pippin'}, {'name': 'Apple - Aroma', 'url': 'Aroma'}, {'name': 'Apple - Aromatic Russet', 'url': 'Aromatic Russet'}, {'name': 'Apple - Arthur Turner', 'url': 'Arthur Turner'}, {'name': 'Apple - Arthur W Barnes', 'url': 'Arthur W Barnes'}, {'name': ""Apple - Ashmead's Kernel"", 'url': ""Ashmead's Kernel""}, {'name': 'Apple - Autumn Gold', 'url': 'Autumn Gold'}]",[{'url': 'https://www.orangepippin.com/images/layout/header-apple.jpg'}],"[{'ratingvalue': '2.00', 'reviewcount': '2'}, {'ratingvalue': '3.00', 'reviewcount': '1'}, {'ratingvalue': '5.00', 'reviewcount': '1'}, {'ratingvalue': '5.00', 'reviewcount': '2'}, {'ratingvalue': '5.00', 'reviewcount': '1'}, {'ratingvalue': '4.00', 'reviewcount': '2'}, {'ratingvalue': '4.00', 'reviewcount': '16'}, {'ratingvalue': '4.00', 'reviewcount': '2'}, {'ratingvalue': '4.00', 'reviewcount': '8'}, {'ratingvalue': '4.00', 'reviewcount': '1'}, {'ratingvalue': '5.00', 'reviewcount': '2'}, {'ratingvalue': '4.00', 'reviewcount': '1'}, {'ratingvalue': '4.00', 'reviewcount': '5'}, {'ratingvalue': '4.00', 'reviewcount': '2'}, {'ratingvalue': '4.00', 'reviewcount': '1'}, {'ratingvalue': '4.00', 'reviewcount': '1'}, {'ratingvalue': '4.00', 'reviewcount': '1'}, {'ratingvalue': '4.00', 'reviewcount': '4'}]","[{'name': 'Orange Pippin', 'url': 'https://www.orangepippin.com/'}]","[{'fn': 'Apple - Aceymac', 'url': 'https://www.orangepippin.com/varieties/apples/aceymac'}, {'fn': ""Apple - Adams's Pearmain"", 'url': 'https://www.orangepippin.com/varieties/apples/adams-pearmain'}, {'fn': 'Apple - Adanac', 'url': 'https://www.orangepippin.com/varieties/apples/adanac'}, {'fn': 'Apple - Airlie Red Flesh', 'url': 'https://www.orangepippin.com/varieties/apples/airlie-red-flesh'}, {'fn': 'Apple - Akane', 'url': 'https://www.orangepippin.com/varieties/apples/akane'}, {'fn': 'Apple - Akero', 'url': 'https://www.orangepippin.com/varieties/apples/akero'}, {'fn': 'Apple - Albany Beauty', 'url': 'https://www.orangepippin.com/varieties/apples/albany-beauty'}, {'fn': 'Apple - Albermarle Pippin', 'url': 'https://www.orangepippin.com/varieties/apples/newtown-pippin'}, {'fn': 'Apple - Alderman', 'url': 'https://www.orangepippin.com/varieties/apples/alderman'}, {'fn': 'Apple - Alexander', 'url': 'https://www.orangepippin.com/varieties/apples/alexander'}, {'fn': 'Apple - Alfriston', 'url': 'https://www.orangepippin.com/varieties/apples/alfriston'}, {'fn': 'Apple - Alkmene', 'url': 'https://www.orangepippin.com/varieties/apples/alkmene'}, {'fn': ""Apple - Allen's Everlasting"", 'url': 'https://www.orangepippin.com/varieties/apples/allens-everlasting'}, {'fn': 'Apple - Allington Pippin', 'url': 'https://www.orangepippin.com/varieties/apples/allington-pippin'}, {'fn': 'Apple - Almata', 'url': 'https://www.orangepippin.com/varieties/apples/almata'}, {'fn': 'Apple - Ambrosia', 'url': 'https://www.orangepippin.com/varieties/apples/ambrosia'}, {'fn': 'Apple - American Mother', 'url': 'https://www.orangepippin.com/varieties/apples/mother'}, {'fn': 'Apple - American Summer Pearmain', 'url': 'https://www.orangepippin.com/varieties/apples/american-summer-pearmain'}, {'fn': 'Apple - Ananas Reinette', 'url': 'https://www.orangepippin.com/varieties/apples/ananas-reinette'}, {'fn': 'Apple - Anna', 'url': 'https://www.orangepippin.com/varieties/apples/anna'}, {'fn': 'Apple - Annie Elizabeth', 'url': 'https://www.orangepippin.com/varieties/apples/annie-elizabeth'}, {'fn': 'Apple - Antonovka', 'url': 'https://www.orangepippin.com/varieties/apples/antonovka'}, {'fn': 'Apple - Antonovka Kamenichka', 'url': 'https://www.orangepippin.com/varieties/apples/antonovka-kamenichka'}, {'fn': 'Apple - Api', 'url': 'https://www.orangepippin.com/varieties/apples/lady'}, {'fn': 'Apple - Api Etoile', 'url': 'https://www.orangepippin.com/varieties/apples/api-etoile'}, {'fn': 'Apple - Apricot', 'url': 'https://www.orangepippin.com/varieties/apples/apricot'}, {'fn': 'Apple - Ard Cairn Russet', 'url': 'https://www.orangepippin.com/varieties/apples/ard-cairn-russet'}, {'fn': 'Apple - Ariane', 'url': 'https://www.orangepippin.com/varieties/apples/ariane'}, {'fn': 'Apple - Arkansas Black', 'url': 'https://www.orangepippin.com/varieties/apples/arkansas-black'}, {'fn': 'Apple - Arlet', 'url': 'https://www.orangepippin.com/varieties/apples/arlet-swiss-gourmet'}, {'fn': 'Apple - Arlington Pippin', 'url': 'https://www.orangepippin.com/varieties/apples/arlington-pippin'}, {'fn': 'Apple - Aroma', 'url': 'https://www.orangepippin.com/varieties/apples/aroma'}, {'fn': 'Apple - Aromatic Russet', 'url': 'https://www.orangepippin.com/varieties/apples/aromatic-russet'}, {'fn': 'Apple - Arthur Turner', 'url': 'https://www.orangepippin.com/varieties/apples/arthur-turner'}, {'fn': 'Apple - Arthur W Barnes', 'url': 'https://www.orangepippin.com/varieties/apples/arthur-w-barnes'}, {'fn': ""Apple - Ashmead's Kernel"", 'url': 'https://www.orangepippin.com/varieties/apples/ashmeads-kernel'}, {'fn': 'Apple - Autumn Gold', 'url': 'https://www.orangepippin.com/varieties/apples/autumn-gold'}]",,,"width=device-width, initial-scale=1, shrink-to-fit=no",,,,,,,,,,,"Orange Pippin - the directory of apples, pears, plums, cherries and orchard fruits.",,,,,,,,,,,,en_US,https://www.orangepippin.com/varieties/apples/a,Copyright Orange Pippin Ltd,black,yes,Orange Pippin Ltd,,,,,,,,,,,,,,,,,,,,,,,,,,,,,,,,,,,,,,,,,,,,,,,,,,,,,,,,,,,,,,,,,,,,,,,,,,,,,,,,,
7,1,us,Apple,8,Opal apple,"Opals are beautifully bright yellow with a distinctively crunchy texture, floral 
aroma and a sweet, tangy flavor. Naturally Non-Browning. Opal® apples won't 
brown ...",www.opalapples.com,http://www.opalapples.com/,2020-12-29 11:59:54.389708+00:00,7850000,W7tBldEP7ksJ,10,Holisticseo.digital,7b8760de16d1e86bc,,0.47,"7,850,000",www.opalapples.com/,www.opal<b>apples</b>.com/,"Opals are beautifully bright yellow with a distinctively crunchy texture, floral <br>
aroma and a sweet, tangy flavor. Naturally Non-Browning. Opal® <b>apples</b> won&#39;t <br>
brown&nbsp;...",Opal <b>apple</b>,utf8,customsearch#result,,utf8,"{'cse_thumbnail': [{'src': 'https://encrypted-tbn0.gstatic.com/images?q=tbn:ANd9GcQG37EconmOJBTjvPnET24eFjA3hzxE8D8GBwPbg0xzXGip9OgP_Av2lwyj', 'width': '360', 'height': '140'}], 'metatags': [{'msapplication-tilecolor': '#ffffff', 'p:domain_verify': '966c575fc669459df1990bd6878518e2', 'theme-color': '#ed2e5a', 'og:type': 'Home', 'viewport': 'width=device-width,initial-scale=1,maximum-scale=1,user-scalable=no', 'og:title': 'Opal apple', 'msapplication-tileimage': '/ms-icon-144x144.png', 'og:url': 'http://www.opalapples.com/'}], 'cse_image': [{'src': 'http://www.opalapples.com/media/21404/crave-the-crunch-background.jpg'}]}",off,0.470787,1,"[{'src': 'https://encrypted-tbn0.gstatic.com/images?q=tbn:ANd9GcQG37EconmOJBTjvPnET24eFjA3hzxE8D8GBwPbg0xzXGip9OgP_Av2lwyj', 'width': '360', 'height': '140'}]","[{'msapplication-tilecolor': '#ffffff', 'p:domain_verify': '966c575fc669459df1990bd6878518e2', 'theme-color': '#ed2e5a', 'og:type': 'Home', 'viewport': 'width=device-width,initial-scale=1,maximum-scale=1,user-scalable=no', 'og:title': 'Opal apple', 'msapplication-tileimage': '/ms-icon-144x144.png', 'og:url': 'http://www.opalapples.com/'}]",[{'src': 'http://www.opalapples.com/media/21404/crave-the-crunch-background.jpg'}],,,,,,,,"width=device-width,initial-scale=1,maximum-scale=1,user-scalable=no",,,,,,,Home,,,,,,Opal apple,,,,,,,,,,,http://www.opalapples.com/,,,,,#ffffff,966c575fc669459df1990bd6878518e2,#ed2e5a,/ms-icon-144x144.png,,,,,,,,,,,,,,,,,,,,,,,,,,,,,,,,,,,,,,,,,,,,,,,,,,,,,,,,,,,,,,,,,,,,,,,,,,,,,
8,1,us,Apple,9,The Mysterious Origin of the Sweet Apple | American Scientist,"If you live in Western Europe the selection might include Belle de Boskoop, Cox's 
Orange Pippin, Golden Delicious, Holstein or Ribston Pippin. Abundant apples ...",www.americanscientist.org,https://www.americanscientist.org/article/the-mysterious-origin-of-the-sweet-apple,2020-12-29 11:59:54.389708+00:00,7850000,8Hq6k4_BloIJ,10,Holisticseo.digital,7b8760de16d1e86bc,,0.47,"7,850,000",https://www.americanscientist.org/.../the-mysterious-origin-of-the-sweet-apple,https://www.americanscientist.org/.../the-mysterious-origin-of-the-sweet-<b>apple</b>,"If you live in Western Europe the selection might include Belle de Boskoop, Cox&#39;s <br>
Orange Pippin, Golden Delicious, Holstein or Ribston Pippin. Abundant <b>apples</b>&nbsp;...",The Mysterious Origin of the Sweet <b>Apple</b> | American Scientist,utf8,customsearch#result,,utf8,"{'cse_thumbnail': [{'src': 'https://encrypted-tbn0.gstatic.com/images?q=tbn:ANd9GcRAnuhdxWDxuBW6YQtW1vHqSyJm2vHoDeDAr9Me8OnmfXUe-cSzCX9osg', 'width': '95', 'height': '125'}], 'metatags': [{'og:type': 'article', 'article:published_time': '2017-02-06T09:57:05-05:00', 'og:site_name': 'American Scientist', 'article:modified_time': '2019-05-02T18:22:06-04:00', 'viewport': 'width=device-width, initial-scale=1.0', 'og:title': 'The Mysterious Origin of the Sweet Apple', 'og:url': 'https://www.americanscientist.org/article/the-mysterious-origin-of-the-sweet-apple', 'og:updated_time': '2019-05-02T18:22:06-04:00'}], 'cse_image': [{'src': 'https://www.americanscientist.org/sites/americanscientist.org/files/styles/issue_box_in_article/public/2007-95-1-cover.jpg?itok=iphGTppj'}]}",off,0.470787,1,"[{'src': 'https://encrypted-tbn0.gstatic.com/images?q=tbn:ANd9GcRAnuhdxWDxuBW6YQtW1vHqSyJm2vHoDeDAr9Me8OnmfXUe-cSzCX9osg', 'width': '95', 'height': '125'}]","[{'og:type': 'article', 'article:published_time': '2017-02-06T09:57:05-05:00', 'og:site_name': 'American Scientist', 'article:modified_time': '2019-05-02T18:22:06-04:00', 'viewport': 'width=device-width, initial-scale=1.0', 'og:title': 'The Mysterious Origin of the Sweet Apple', 'og:url': 'https://www.americanscientist.org/article/the-mysterious-origin-of-the-sweet-apple', 'og:updated_time': '2019-05-02T18:22:06-04:00'}]",[{'src': 'https://www.americanscientist.org/sites/americanscientist.org/files/styles/issue_box_in_article/public/2007-95-1-cover.jpg?itok=iphGTppj'}],,,,,,,,"width=device-width, initial-scale=1.0",,,,,,,article,,,,American Scientist,,The Mysterious Origin of the Sweet Apple,,,,,,,,2019-05-02T18:22:06-04:00,,,https://www.americanscientist.org/article/the-mysterious-origin-of-the-sweet-apple,,,,,,,,,2017-02-06T09:57:05-05:00,2019-05-02T18:22:06-04:00,,,,,,,,,,,,,,,,,,,,,,,,,,,,,,,,,,,,,,,,,,,,,,,,,,,,,,,,,,,,,,,,,,,,,,,,,,,
9,1,us,Apple,10,Dynamics of ascorbic acid content in apple (Malus x domestica ...,"Vitamin C is a crucial antioxidant and cofactor for both plants and humans. Apple 
fruits generally contain low levels of vitamin C, making vitamin C content an ...",pubmed.ncbi.nlm.nih.gov,https://pubmed.ncbi.nlm.nih.gov/32197136/,2020-12-29 11:59:54.389708+00:00,7850000,,10,Holisticseo.digital,7b8760de16d1e86bc,,0.47,"7,850,000",https://pubmed.ncbi.nlm.nih.gov/32197136/,https://pubmed.ncbi.nlm.nih.gov/32197136/,"Vitamin C is a crucial antioxidant and cofactor for both plants and humans. <b>Apple</b> <br>
fruits generally contain low levels of vitamin C, making vitamin C content an&nbsp;...",Dynamics of ascorbic acid content in <b>apple</b> (Malus x domestica ...,utf8,customsearch#result,,utf8,"{'metatags': [{'og:image': 'https://cdn.ncbi.nlm.nih.gov/pubmed/persistent/pubmed-meta-image.png', 'citation_publication_date': '2020/6', 'theme-color': '#20558a', 'twitter:card': 'summary', 'citation_title': 'Dynamics of ascorbic acid content in apple (Malus x domestica) during fruit development and storage', 'citation_author_institution': 'Laboratory for Plant Genetics and Crop Improvement, KU Leuven, Willem de Croylaan 42, B-3001, Leuven, Belgium. Electronic address: eline.lemmens@kuleuven.be.', 'og:site_name': 'PubMed', 'twitter:url': 'https://pubmed.ncbi.nlm.nih.gov/32197136/', 'citation_publisher': 'Plant Physiol Biochem', 'citation_journal_title': 'Plant physiology and biochemistry : PPB', 'ncbi_pdid': 'abstract', 'ncbi_phid': '4B6B0001081DA245000029AE59838BB8.1.m_2', 'og:description': 'Vitamin C is a crucial antioxidant and cofactor for both plants and humans. Apple fruits generally contain low levels of vitamin C, making vitamin C content an interesting trait for apple crop improvement. With the aim of breeding high vitamin C apple cultivars it is important to get an insight in t …', 'ncbi_cost_center': 'pubmed', 'og:image:secure_url': 'https://cdn.ncbi.nlm.nih.gov/pubmed/persistent/pubmed-meta-image.png', 'twitter:image': 'https://cdn.ncbi.nlm.nih.gov/pubmed/persistent/pubmed-meta-image.png', 'uid': '32197136', 'ncbi_db': 'pubmed', 'ncbi_pinger_stat_url': 'https://www.ncbi.nlm.nih.gov/stat', 'log_category': 'literature', 'citation_lastpage': '59', 'og:type': 'website', 'twitter:title': 'Dynamics of ascorbic acid content in apple (Malus x domestica) during fruit development and storage - PubMed', 'citation_pmid': '32197136', 'handheldfriendly': 'True', 'twitter:domain': 'pubmed.ncbi.nlm.nih.gov', 'citation_journal_abbrev': 'Plant Physiol Biochem', 'ncbi_app': 'pubmed', 'log_icons_present': 'true', 'og:title': 'Dynamics of ascorbic acid content in apple (Malus x domestica) during fruit development and storage - PubMed', 'citation_author': 'Eline Lemmens', 'log_op': 'retrieve', 'referrer': 'origin-when-cross-origin', 'log_source_db': 'pubmed', 'citation_firstpage': '47', 'log_displayeduids': '32197136', 'ncbi_uid': '32197136', 'viewport': 'width=device-width, initial-scale=1.0', 'twitter:description': 'Vitamin C is a crucial antioxidant and cofactor for both plants and humans. Apple fruits generally contain low levels of vitamin C, making vitamin C content an interesting trait for apple crop improvement. With the aim of breeding high vitamin C apple cultivars it is important to get an insight in t …', 'mobileoptimized': '320', 'citation_volume': '151', 'og:url': 'https://pubmed.ncbi.nlm.nih.gov/32197136/'}], 'cse_image': [{'src': 'https://cdn.ncbi.nlm.nih.gov/pubmed/persistent/pubmed-meta-image.png'}]}",off,0.470787,1,,"[{'og:image': 'https://cdn.ncbi.nlm.nih.gov/pubmed/persistent/pubmed-meta-image.png', 'citation_publication_date': '2020/6', 'theme-color': '#20558a', 'twitter:card': 'summary', 'citation_title': 'Dynamics of ascorbic acid content in apple (Malus x domestica) during fruit development and storage', 'citation_author_institution': 'Laboratory for Plant Genetics and Crop Improvement, KU Leuven, Willem de Croylaan 42, B-3001, Leuven, Belgium. Electronic address: eline.lemmens@kuleuven.be.', 'og:site_name': 'PubMed', 'twitter:url': 'https://pubmed.ncbi.nlm.nih.gov/32197136/', 'citation_publisher': 'Plant Physiol Biochem', 'citation_journal_title': 'Plant physiology and biochemistry : PPB', 'ncbi_pdid': 'abstract', 'ncbi_phid': '4B6B0001081DA245000029AE59838BB8.1.m_2', 'og:description': 'Vitamin C is a crucial antioxidant and cofactor for both plants and humans. Apple fruits generally contain low levels of vitamin C, making vitamin C content an interesting trait for apple crop improvement. With the aim of breeding high vitamin C apple cultivars it is important to get an insight in t …', 'ncbi_cost_center': 'pubmed', 'og:image:secure_url': 'https://cdn.ncbi.nlm.nih.gov/pubmed/persistent/pubmed-meta-image.png', 'twitter:image': 'https://cdn.ncbi.nlm.nih.gov/pubmed/persistent/pubmed-meta-image.png', 'uid': '32197136', 'ncbi_db': 'pubmed', 'ncbi_pinger_stat_url': 'https://www.ncbi.nlm.nih.gov/stat', 'log_category': 'literature', 'citation_lastpage': '59', 'og:type': 'website', 'twitter:title': 'Dynamics of ascorbic acid content in apple (Malus x domestica) during fruit development and storage - PubMed', 'citation_pmid': '32197136', 'handheldfriendly': 'True', 'twitter:domain': 'pubmed.ncbi.nlm.nih.gov', 'citation_journal_abbrev': 'Plant Physiol Biochem', 'ncbi_app': 'pubmed', 'log_icons_present': 'true', 'og:title': 'Dynamics of ascorbic acid content in apple (Malus x domestica) during fruit development and storage - PubMed', 'citation_author': 'Eline Lemmens', 'log_op': 'retrieve', 'referrer': 'origin-when-cross-origin', 'log_source_db': 'pubmed', 'citation_firstpage': '47', 'log_displayeduids': '32197136', 'ncbi_uid': '32197136', 'viewport': 'width=device-width, initial-scale=1.0', 'twitter:description': 'Vitamin C is a crucial antioxidant and cofactor for both plants and humans. Apple fruits generally contain low levels of vitamin C, making vitamin C content an interesting trait for apple crop improvement. With the aim of breeding high vitamin C apple cultivars it is important to get an insight in t …', 'mobileoptimized': '320', 'citation_volume': '151', 'og:url': 'https://pubmed.ncbi.nlm.nih.gov/32197136/'}]",[{'src': 'https://cdn.ncbi.nlm.nih.gov/pubmed/persistent/pubmed-meta-image.png'}],,,,,,,,"width=device-width, initial-scale=1.0",origin-when-cross-origin,https://cdn.ncbi.nlm.nih.gov/pubmed/persistent/pubmed-meta-image.png,,,,,website,,summary,Dynamics of ascorbic acid content in apple (Malus x domestica) during fruit development and storage - PubMed,PubMed,,Dynamics of ascorbic acid content in apple (Malus x domestica) during fruit development and storage - PubMed,,,"Vitamin C is a crucial antioxidant and cofactor for both plants and humans. Apple fruits generally contain low levels of vitamin C, making vitamin C content an interesting trait for apple crop improvement. With the aim of breeding high vitamin C apple cultivars it is important to get an insight in t …",,https://cdn.ncbi.nlm.nih.gov/pubmed/persistent/pubmed-meta-image.png,,,,"Vitamin C is a crucial antioxidant and cofactor for both plants and humans. Apple fruits generally contain low levels of vitamin C, making vitamin C content an interesting trait for apple crop improvement. With the aim of breeding high vitamin C apple cultivars it is important to get an insight in t …",,https://pubmed.ncbi.nlm.nih.gov/32197136/,,,,,,,#20558a,,,,2020/6,Dynamics of ascorbic acid content in apple (Malus x domestica) during fruit development and storage,"Laboratory for Plant Genetics and Crop Improvement, KU Leuven, Willem de Croylaan 42, B-3001, Leuven, Belgium. Electronic address: eline.lemmens@kuleuven.be.",https://pubmed.ncbi.nlm.nih.gov/32197136/,Plant Physiol Biochem,Plant physiology and biochemistry : PPB,abstract,4B6B0001081DA245000029AE59838BB8.1.m_2,pubmed,https://cdn.ncbi.nlm.nih.gov/pubmed/persistent/pubmed-meta-image.png,32197136,pubmed,https://www.ncbi.nlm.nih.gov/stat,literature,59,32197136,True,pubmed.ncbi.nlm.nih.gov,Plant Physiol Biochem,pubmed,true,Eline Lemmens,retrieve,pubmed,47,32197136,32197136,320,151,,,,,,,,,,,,,,,,,,,,,,,,,,,,,,,,,,,,,,,,,,,,,,
10,11,us,Apple,11,Apples - Rendleman Orchards,"The Golden Supreme apple has a sweet, smooth textured flavor, great for eating 
and cooking. Subscribe for Availability Alert. Gala. Sold out for ...",www.rendlemanorchards.com,http://www.rendlemanorchards.com/apples,2020-12-29 11:59:54.398717+00:00,7850000,BvpQcHOwXFIJ,10,Holisticseo.digital,7b8760de16d1e86bc,,0.41,"7,850,000",www.rendlemanorchards.com/apples,www.rendlemanorchards.com/<b>apples</b>,"The Golden Supreme <b>apple</b> has a sweet, smooth textured flavor, great for eating <br>
and cooking. Subscribe for Availability Alert. Gala. Sold out for&nbsp;...",<b>Apples</b> - Rendleman Orchards,utf8,customsearch#result,,utf8,"{'cse_thumbnail': [{'src': 'https://encrypted-tbn2.gstatic.com/images?q=tbn:ANd9GcTNasgkEzV9H7od23hY2aBiBhLRVvUU1dGzF2XKr1apYOY4q30WkhYG05oO', 'width': '267', 'height': '189'}], 'metatags': [{'og:type': 'article', 'twitter:card': 'summary_large_image', 'og:site_name': 'Rendleman Orchards', 'article:modified_time': '2018-07-06T16:00:17+00:00', 'viewport': 'width=device-width', 'og:title': 'Apples - Rendleman Orchards', 'og:locale': 'en_US', 'og:url': 'http://www.rendlemanorchards.com/apples', 'msapplication-tileimage': 'http://www.rendlemanorchards.com/wp-content/uploads/2018/06/cropped-Rendleman-Orchards-Apple-270x270.png', 'article:publisher': 'https://www.facebook.com/RendlemanOrchards/'}], 'cse_image': [{'src': 'http://www.rendlemanorchards.com/wp-content/uploads/2018/11/Golden-Supreme.jpg'}]}",off,0.413722,11,"[{'src': 'https://encrypted-tbn2.gstatic.com/images?q=tbn:ANd9GcTNasgkEzV9H7od23hY2aBiBhLRVvUU1dGzF2XKr1apYOY4q30WkhYG05oO', 'width': '267', 'height': '189'}]","[{'og:type': 'article', 'twitter:card': 'summary_large_image', 'og:site_name': 'Rendleman Orchards', 'article:modified_time': '2018-07-06T16:00:17+00:00', 'viewport': 'width=device-width', 'og:title': 'Apples - Rendleman Orchards', 'og:locale': 'en_US', 'og:url': 'http://www.rendlemanorchards.com/apples', 'msapplication-tileimage': 'http://www.rendlemanorchards.com/wp-content/uploads/2018/06/cropped-Rendleman-Orchards-Apple-270x270.png', 'article:publisher': 'https://www.facebook.com/RendlemanOrchards/'}]",[{'src': 'http://www.rendlemanorchards.com/wp-content/uploads/2018/11/Golden-Supreme.jpg'}],,,,,,,,width=device-width,,,,,,,article,,summary_large_image,,Rendleman Orchards,,Apples - Rendleman Orchards,,,,https://www.facebook.com/RendlemanOrchards/,,,,2018-07-06T16:00:17+00:00,,en_US,http://www.rendlemanorchards.com/apples,,,,,,,,http://www.rendlemanorchards.com/wp-content/uploads/2018/06/cropped-Rendleman-Orchards-Apple-270x270.png,,,,,,,,,,,,,,,,,,,,,,,,,,,,,,,,,,,,,,,,,,,,,,,,,,,,,,,,,,,,,,,,,,,,,,,,,,,,,
11,11,us,Apple,12,Beyond the Honeycrisp Apple - The New York Times,"Nov 3, 2015 ... Fruit breeders have been creating varieties with flashy names like Cosmic Crisp 
and SnapDragon, leaving Red Delicious and McIntosh behind ...",www.nytimes.com,https://www.nytimes.com/2015/11/04/dining/beyond-the-honeycrisp-apple.html,2020-12-29 11:59:54.398717+00:00,7850000,,10,Holisticseo.digital,7b8760de16d1e86bc,,0.41,"7,850,000",https://www.nytimes.com/2015/11/04/.../beyond-the-honeycrisp-apple.html,https://www.nytimes.com/2015/11/04/.../beyond-the-honeycrisp-<b>apple</b>.html,"Nov 3, 2015 <b>...</b> Fruit breeders have been creating varieties with flashy names like Cosmic Crisp <br>
and SnapDragon, leaving Red Delicious and McIntosh behind&nbsp;...",Beyond the Honeycrisp <b>Apple</b> - The New York Times,utf8,customsearch#result,,utf8,"{'thumbnail': [{'src': 'https://static01.nyt.com/newsgraphics/images/icons/defaultCrop.png'}], 'metatags': [{'nyt_uri': 'nyt://article/2cae141a-d3ef-5c6d-b712-df99a5e12fe9', 'og:image': 'https://static01.nyt.com/newsgraphics/images/icons/defaultPromoCrop.png?year=2015', 'twitter:app:id:googleplay': 'com.nytimes.android', 'article:published_time': '2015-11-03T17:31:24.000Z', 'twitter:card': 'summary_large_image', 'pt': 'article', 'twitter:url': 'https://www.nytimes.com/2015/11/04/dining/beyond-the-honeycrisp-apple.html', 'pdate': '20151103', 'articleid': '100000003990760', 'al:android:package': 'com.nytimes.android', 'al:ipad:app_store_id': '357066198', 'twitter:app:name:googleplay': 'NYTimes', 'og:description': 'Fruit breeders have been creating varieties with flashy names like Cosmic Crisp and SnapDragon, leaving Red Delicious and McIntosh behind and hoping to knock off recent favorites.', 'twitter:image': 'https://static01.nyt.com/newsgraphics/images/icons/defaultCrop.png?year=2015', 'pst': 'News', 'al:iphone:app_name': 'NYTimes', 'article:modified_time': '2015-11-03T17:31:22.000Z', 'news_keywords': 'Apples,,Agriculture', 'article:content_tier': 'metered', 'msapplication-starturl': 'https://www.nytimes.com', 'image': 'https://static01.nyt.com/newsgraphics/images/icons/defaultPromoCrop.png?year=2015', 'thumbnail': 'https://static01.nyt.com/newsgraphics/images/icons/defaultCrop.png', 'og:type': 'article', 'twitter:title': 'Beyond the Honeycrisp Apple (Published 2015)', 'article:section': 'Food', 'cg': 'dining', 'pubp_event_id': 'pubp://event/2e921d0f3c564a45834ffd3e77913026', 'og:title': 'Beyond the Honeycrisp Apple (Published 2015)', 'url': 'https://www.nytimes.com/2015/11/04/dining/beyond-the-honeycrisp-apple.html', 'article:tag': 'Apples', 'al:iphone:url': 'nytimes://www.nytimes.com/2015/11/04/dining/beyond-the-honeycrisp-apple.html', 'al:android:url': 'nyt://article/2cae141a-d3ef-5c6d-b712-df99a5e12fe9', 'twitter:app:url:googleplay': 'nyt://article/2cae141a-d3ef-5c6d-b712-df99a5e12fe9', 'fb:app_id': '9869919170', 'al:ipad:url': 'nytimes://www.nytimes.com/2015/11/04/dining/beyond-the-honeycrisp-apple.html', 'byl': 'By David Karp', 'viewport': 'width=device-width, initial-scale=1', 'twitter:description': 'Fruit breeders have been creating varieties with flashy names like Cosmic Crisp and SnapDragon, leaving Red Delicious and McIntosh behind and hoping to knock off recent favorites.', 'al:iphone:app_store_id': '284862083', 'al:ipad:app_name': 'NYTimes', 'og:url': 'https://www.nytimes.com/2015/11/04/dining/beyond-the-honeycrisp-apple.html', 'al:android:app_name': 'NYTimes', 'article:opinion': 'false'}], 'cse_image': [{'src': 'https://static01.nyt.com/newsgraphics/images/icons/defaultPromoCrop.png?year=2015'}]}",off,0.413722,11,,"[{'nyt_uri': 'nyt://article/2cae141a-d3ef-5c6d-b712-df99a5e12fe9', 'og:image': 'https://static01.nyt.com/newsgraphics/images/icons/defaultPromoCrop.png?year=2015', 'twitter:app:id:googleplay': 'com.nytimes.android', 'article:published_time': '2015-11-03T17:31:24.000Z', 'twitter:card': 'summary_large_image', 'pt': 'article', 'twitter:url': 'https://www.nytimes.com/2015/11/04/dining/beyond-the-honeycrisp-apple.html', 'pdate': '20151103', 'articleid': '100000003990760', 'al:android:package': 'com.nytimes.android', 'al:ipad:app_store_id': '357066198', 'twitter:app:name:googleplay': 'NYTimes', 'og:description': 'Fruit breeders have been creating varieties with flashy names like Cosmic Crisp and SnapDragon, leaving Red Delicious and McIntosh behind and hoping to knock off recent favorites.', 'twitter:image': 'https://static01.nyt.com/newsgraphics/images/icons/defaultCrop.png?year=2015', 'pst': 'News', 'al:iphone:app_name': 'NYTimes', 'article:modified_time': '2015-11-03T17:31:22.000Z', 'news_keywords': 'Apples,,Agriculture', 'article:content_tier': 'metered', 'msapplication-starturl': 'https://www.nytimes.com', 'image': 'https://static01.nyt.com/newsgraphics/images/icons/defaultPromoCrop.png?year=2015', 'thumbnail': 'https://static01.nyt.com/newsgraphics/images/icons/defaultCrop.png', 'og:type': 'article', 'twitter:title': 'Beyond the Honeycrisp Apple (Published 2015)', 'article:section': 'Food', 'cg': 'dining', 'pubp_event_id': 'pubp://event/2e921d0f3c564a45834ffd3e77913026', 'og:title': 'Beyond the Honeycrisp Apple (Published 2015)', 'url': 'https://www.nytimes.com/2015/11/04/dining/beyond-the-honeycrisp-apple.html', 'article:tag': 'Apples', 'al:iphone:url': 'nytimes://www.nytimes.com/2015/11/04/dining/beyond-the-honeycrisp-apple.html', 'al:android:url': 'nyt://article/2cae141a-d3ef-5c6d-b712-df99a5e12fe9', 'twitter:app:url:googleplay': 'nyt://article/2cae141a-d3ef-5c6d-b712-df99a5e12fe9', 'fb:app_id': '9869919170', 'al:ipad:url': 'nytimes://www.nytimes.com/2015/11/04/dining/beyond-the-honeycrisp-apple.html', 'byl': 'By David Karp', 'viewport': 'width=device-width, initial-scale=1', 'twitter:description': 'Fruit breeders have been creating varieties with flashy names like Cosmic Crisp and SnapDragon, leaving Red Delicious and McIntosh behind and hoping to knock off recent favorites.', 'al:iphone:app_store_id': '284862083', 'al:ipad:app_name': 'NYTimes', 'og:url': 'https://www.nytimes.com/2015/11/04/dining/beyond-the-honeycrisp-apple.html', 'al:android:app_name': 'NYTimes', 'article:opinion': 'false'}]",[{'src': 'https://static01.nyt.com/newsgraphics/images/icons/defaultPromoCrop.png?year=2015'}],,,,,,[{'src': 'https://static01.nyt.com/newsgraphics/images/icons/defaultCrop.png'}],,"width=device-width, initial-scale=1",,https://static01.nyt.com/newsgraphics/images/icons/defaultPromoCrop.png?year=2015,,,,,article,,summary_large_image,Beyond the Honeycrisp Apple (Published 2015),,,Beyond the Honeycrisp Apple (Published 2015),,,"Fruit breeders have been creating varieties with flashy names like Cosmic Crisp and SnapDragon, leaving Red Delicious and McIntosh behind and hoping to knock off recent favorites.",,https://static01.nyt.com/newsgraphics/images/icons/defaultCrop.png?year=2015,,,2015-11-03T17:31:22.000Z,"Fruit breeders have been creating varieties with flashy names like Cosmic Crisp and SnapDragon, leaving Red Delicious and McIntosh behind and hoping to knock off recent favorites.",,https://www.nytimes.com/2015/11/04/dining/beyond-the-honeycrisp-apple.html,,,,,,,,,2015-11-03T17:31:24.000Z,,,,,https://www.nytimes.com/2015/11/04/dining/beyond-the-honeycrisp-apple.html,,,,,,,,,,,,,,,,,,,,,,,,,,nyt://article/2cae141a-d3ef-5c6d-b712-df99a5e12fe9,com.nytimes.android,article,20151103,100000003990760,com.nytimes.android,357066198,NYTimes,News,NYTimes,"Apples,,Agriculture",metered,https://www.nytimes.com,https://static01.nyt.com/newsgraphics/images/icons/defaultPromoCrop.png?year=2015,https://static01.nyt.com/newsgraphics/images/icons/defaultCrop.png,Food,dining,pubp://event/2e921d0f3c564a45834ffd3e77913026,https://www.nytimes.com/2015/11/04/dining/beyond-the-honeycrisp-apple.html,Apples,nytimes://www.nytimes.com/2015/11/04/dining/beyond-the-honeycrisp-apple.html,nyt://article/2cae141a-d3ef-5c6d-b712-df99a5e12fe9,nyt://article/2cae141a-d3ef-5c6d-b712-df99a5e12fe9,9869919170,nytimes://www.nytimes.com/2015/11/04/dining/beyond-the-honeycrisp-apple.html,By David Karp,284862083,NYTimes,NYTimes,false,,,,,,,,,,,,,,,,
12,11,us,Apple,13,Cosmic Crisp: New apple launched that 'lasts for a year' - BBC News,"Dec 1, 2019 ... The apple - Cosmic Crisp - is a cross-breed of the Honeycrisp and Enterprise and 
was first cultivated by Washington State University in 1997. The ...",www.bbc.com,https://www.bbc.com/news/world-us-canada-50619281,2020-12-29 11:59:54.398717+00:00,7850000,2pzIx2-b9YsJ,10,Holisticseo.digital,7b8760de16d1e86bc,,0.41,"7,850,000",https://www.bbc.com/news/world-us-canada-50619281,https://www.bbc.com/news/world-us-canada-50619281,"Dec 1, 2019 <b>...</b> The <b>apple</b> - Cosmic Crisp - is a cross-breed of the Honeycrisp and Enterprise and <br>
was first cultivated by Washington State University in 1997. The&nbsp;...",Cosmic Crisp: New <b>apple</b> launched that &#39;lasts for a year&#39; - BBC News,utf8,customsearch#result,,utf8,"{'cse_thumbnail': [{'src': 'https://encrypted-tbn1.gstatic.com/images?q=tbn:ANd9GcSrkBg3-PUKTh-cqFg8-2SIVp9gxo0L7kZ1bJz033Sd0M0tW17OvJYXJ20', 'width': '300', 'height': '168'}], 'metatags': [{'og:image': 'https://ichef.bbci.co.uk/news/1024/branded_news/7E81/production/_109958323_apples.jpg', 'theme-color': '#FFFFFF', 'twitter:card': 'summary_large_image', 'og:site_name': 'BBC News', 'cleartype': 'on', 'msapplication-tileimage': 'BBC News', 'og:description': 'The new fruit took US scientists two decades to develop and the launch cost $10m (£7.9m).', 'twitter:creator': '@BBCWorld', 'twitter:image:alt': 'Shiny red apples in a fruit bowl', 'twitter:site': '@BBCWorld', 'fb:admins': '100004154058350', 'application-name': 'BBC News', 'msapplication-tilecolor': '#bb1919', 'article:section': 'US & Canada', 'og:image:alt': 'Shiny red apples in a fruit bowl', 'og:type': 'article', 'twitter:title': ""Cosmic Crisp: New apple launched that 'lasts for a year'"", 'twitter:domain': 'www.bbc.com', 'og:title': ""Cosmic Crisp: New apple launched that 'lasts for a year'"", 'fb:pages': '1143803202301544,317278538359186,1392506827668140,742734325867560,185246968166196,156060587793370,137920769558355,193435954068976,21263239760,156400551056385,929399697073756,154344434967,228735667216,80758950658,260212261199,294662213128,1086451581439054,283348121682053,295830058648,239931389545417,304314573046,310719525611571,647687225371774,1159932557403143,286567251709437,1731770190373618,125309456546,163571453661989,285361880228,512423982152360,238003846549831,176663550714,260967092113,118450564909230,100978706649892,15286229625,122103087870579,120655094632228,102814153147070,124715648647,153132638110668,150467675018739', 'article:author': 'https://www.facebook.com/bbcnews', 'twitter:image:src': 'https://ichef.bbci.co.uk/news/1024/branded_news/7E81/production/_109958323_apples.jpg', 'fb:app_id': '1609039196070050', 'viewport': 'width=device-width, initial-scale=1', 'twitter:description': 'The new fruit took US scientists two decades to develop and the launch cost $10m (£7.9m).', 'og:locale': 'en_GB', 'mobile-web-app-capable': 'yes', 'og:url': 'https://www.bbc.com/news/world-us-canada-50619281'}], 'cse_image': [{'src': 'https://ichef.bbci.co.uk/news/1024/branded_news/7E81/production/_109958323_apples.jpg'}]}",off,0.413722,11,"[{'src': 'https://encrypted-tbn1.gstatic.com/images?q=tbn:ANd9GcSrkBg3-PUKTh-cqFg8-2SIVp9gxo0L7kZ1bJz033Sd0M0tW17OvJYXJ20', 'width': '300', 'height': '168'}]","[{'og:image': 'https://ichef.bbci.co.uk/news/1024/branded_news/7E81/production/_109958323_apples.jpg', 'theme-color': '#FFFFFF', 'twitter:card': 'summary_large_image', 'og:site_name': 'BBC News', 'cleartype': 'on', 'msapplication-tileimage': 'BBC News', 'og:description': 'The new fruit took US scientists two decades to develop and the launch cost $10m (£7.9m).', 'twitter:creator': '@BBCWorld', 'twitter:image:alt': 'Shiny red apples in a fruit bowl', 'twitter:site': '@BBCWorld', 'fb:admins': '100004154058350', 'application-name': 'BBC News', 'msapplication-tilecolor': '#bb1919', 'article:section': 'US & Canada', 'og:image:alt': 'Shiny red apples in a fruit bowl', 'og:type': 'article', 'twitter:title': ""Cosmic Crisp: New apple launched that 'lasts for a year'"", 'twitter:domain': 'www.bbc.com', 'og:title': ""Cosmic Crisp: New apple launched that 'lasts for a year'"", 'fb:pages': '1143803202301544,317278538359186,1392506827668140,742734325867560,185246968166196,156060587793370,137920769558355,193435954068976,21263239760,156400551056385,929399697073756,154344434967,228735667216,80758950658,260212261199,294662213128,1086451581439054,283348121682053,295830058648,239931389545417,304314573046,310719525611571,647687225371774,1159932557403143,286567251709437,1731770190373618,125309456546,163571453661989,285361880228,512423982152360,238003846549831,176663550714,260967092113,118450564909230,100978706649892,15286229625,122103087870579,120655094632228,102814153147070,124715648647,153132638110668,150467675018739', 'article:author': 'https://www.facebook.com/bbcnews', 'twitter:image:src': 'https://ichef.bbci.co.uk/news/1024/branded_news/7E81/production/_109958323_apples.jpg', 'fb:app_id': '1609039196070050', 'viewport': 'width=device-width, initial-scale=1', 'twitter:description': 'The new fruit took US scientists two decades to develop and the launch cost $10m (£7.9m).', 'og:locale': 'en_GB', 'mobile-web-app-capable': 'yes', 'og:url': 'https://www.bbc.com/news/world-us-canada-50619281'}]",[{'src': 'https://ichef.bbci.co.uk/news/1024/branded_news/7E81/production/_109958323_apples.jpg'}],,,,,,,,"width=device-width, initial-scale=1",,https://ichef.bbci.co.uk/news/1024/branded_news/7E81/production/_109958323_apples.jpg,,,,,article,,summary_large_image,Cosmic Crisp: New apple launched that 'lasts for a year',BBC News,,Cosmic Crisp: New apple launched that 'lasts for a year',,,The new fruit took US scientists two decades to develop and the launch cost $10m (£7.9m).,,,,@BBCWorld,,The new fruit took US scientists two decades to develop and the launch cost $10m (£7.9m).,en_GB,https://www.bbc.com/news/world-us-canada-50619281,,,,,#bb1919,,#FFFFFF,BBC News,,,,,,,,,,,,,,,,,,,,www.bbc.com,,,,,,,,,,,,,,,,,,,,,,,,,,,US & Canada,,,,,,,,1609039196070050,,,,,,,on,@BBCWorld,Shiny red apples in a fruit bowl,100004154058350,BBC News,Shiny red apples in a fruit bowl,"1143803202301544,317278538359186,1392506827668140,742734325867560,185246968166196,156060587793370,137920769558355,193435954068976,21263239760,156400551056385,929399697073756,154344434967,228735667216,80758950658,260212261199,294662213128,1086451581439054,283348121682053,295830058648,239931389545417,304314573046,310719525611571,647687225371774,1159932557403143,286567251709437,1731770190373618,125309456546,163571453661989,285361880228,512423982152360,238003846549831,176663550714,260967092113,118450564909230,100978706649892,15286229625,122103087870579,120655094632228,102814153147070,124715648647,153132638110668,150467675018739",https://www.facebook.com/bbcnews,https://ichef.bbci.co.uk/news/1024/branded_news/7E81/production/_109958323_apples.jpg,yes,,,,,,
13,11,us,Apple,14,Fruit & Oats™ Blueberry Apple | Del Monte®,"Try Del Monte Fruit & Oats™ Blueberry Apple. Our quality-sourced foods provide 
the taste & nutrition you seek.",www.delmonte.com,https://www.delmonte.com/products/snacks/fruit-oats/fruit-oatstm-blueberry-apple,2020-12-29 11:59:54.398717+00:00,7850000,cTDWVk5eEfMJ,10,Holisticseo.digital,7b8760de16d1e86bc,,0.41,"7,850,000",https://www.delmonte.com/products/snacks/.../fruit-oatstm-blueberry-apple,https://www.delmonte.com/products/snacks/.../fruit-oatstm-blueberry-<b>apple</b>,"Try Del Monte Fruit &amp; Oats™ Blueberry <b>Apple</b>. Our quality-sourced foods provide <br>
the taste &amp; nutrition you seek.",Fruit &amp; Oats™ Blueberry <b>Apple</b> | Del Monte®,utf8,customsearch#result,,utf8,"{'cse_thumbnail': [{'src': 'https://encrypted-tbn0.gstatic.com/images?q=tbn:ANd9GcQnP4FmMIoAZtx_HDspalIrMxe03_VVcqK3MWw01kh4j0bZTq_-JH38Rr_q', 'width': '252', 'height': '200'}], 'metatags': [{'og:image': 'https://www.delmonte.com', 'og:site_name': 'Del Monte®', 'handheldfriendly': 'true', 'bvdatemodified': '2020-12-27', 'viewport': 'width=device-width, initial-scale=1.0', 'og:title': 'Fruit & Oats™ Blueberry Apple', 'mobileoptimized': 'width', 'title': 'Fruit & Oats™ Blueberry Apple | Del Monte®', 'og:url': 'https://www.delmonte.com/products/snacks/fruit-oats/fruit-oatstm-blueberry-apple', 'og:description': 'Del Monte® Fruit & Oats™ Blueberry Apple Snack Cups are a tasty, wholesome snack with a combination of sun-sweetened blueberries and juicy, orchard-ripened apples with whole grain oats and chia seeds. These delicious snacks are the first ready-to-eat oatmeal with a full serving of fruit* and 20g of whole grain oats. They are great hot or cold and are the perfect way to start your day.'}], 'cse_image': [{'src': 'https://www.delmonte.com/themes/delmonte/images/tree-left.png'}]}",off,0.413722,11,"[{'src': 'https://encrypted-tbn0.gstatic.com/images?q=tbn:ANd9GcQnP4FmMIoAZtx_HDspalIrMxe03_VVcqK3MWw01kh4j0bZTq_-JH38Rr_q', 'width': '252', 'height': '200'}]","[{'og:image': 'https://www.delmonte.com', 'og:site_name': 'Del Monte®', 'handheldfriendly': 'true', 'bvdatemodified': '2020-12-27', 'viewport': 'width=device-width, initial-scale=1.0', 'og:title': 'Fruit & Oats™ Blueberry Apple', 'mobileoptimized': 'width', 'title': 'Fruit & Oats™ Blueberry Apple | Del Monte®', 'og:url': 'https://www.delmonte.com/products/snacks/fruit-oats/fruit-oatstm-blueberry-apple', 'og:description': 'Del Monte® Fruit & Oats™ Blueberry Apple Snack Cups are a tasty, wholesome snack with a combination of sun-sweetened blueberries and juicy, orchard-ripened apples with whole grain oats and chia seeds. These delicious snacks are the first ready-to-eat oatmeal with a full serving of fruit* and 20g of whole grain oats. They are great hot or cold and are the perfect way to start your day.'}]",[{'src': 'https://www.delmonte.com/themes/delmonte/images/tree-left.png'}],,,,,,,,"width=device-width, initial-scale=1.0",,https://www.delmonte.com,,,,,,,,,Del Monte®,,Fruit & Oats™ Blueberry Apple,,,"Del Monte® Fruit & Oats™ Blueberry Apple Snack Cups are a tasty, wholesome snack with a combination of sun-sweetened blueberries and juicy, orchard-ripened apples with whole grain oats and chia seeds. These delicious snacks are the first ready-to-eat oatmeal with a full serving of fruit* and 20g of whole grain oats. They are great hot or cold and are the perfect way to start your day.",,,,,,,,https://www.delmonte.com/products/snacks/fruit-oats/fruit-oatstm-blueberry-apple,,,,,,,,,,,,,,,,,,,,,,,,,,,true,,,,,,,,,,,width,,,,,,,,,,,,,,,,,,,,,,,,,,,,,,,,,,,,,,,,,,2020-12-27,Fruit & Oats™ Blueberry Apple | Del Monte®,,,,
14,11,us,Apple,15,Apple Trees for Sale | Buy Apple Trees - Raintree Nursery,"We kept the best varieties, and have propagated them for you! When you decide 
to grow your own apple tree, you are joining in a human tradition. Apples need a
 ...",raintreenursery.com,https://raintreenursery.com/collections/apple-trees,2020-12-29 11:59:54.398717+00:00,7850000,WHd33A1UcbgJ,10,Holisticseo.digital,7b8760de16d1e86bc,,0.41,"7,850,000",https://raintreenursery.com/collections/apple-trees,https://raintreenursery.com/collections/<b>apple</b>-trees,"We kept the best varieties, and have propagated them for you! When you decide <br>
to grow your own <b>apple</b> tree, you are joining in a human tradition. <b>Apples</b> need a<br>
&nbsp;...",<b>Apple</b> Trees for Sale | Buy <b>Apple</b> Trees - Raintree Nursery,utf8,customsearch#result,,utf8,"{'cse_thumbnail': [{'src': 'https://encrypted-tbn3.gstatic.com/images?q=tbn:ANd9GcRjN4rdStRDruxvQfJgVUbN_6WfvdNqQ4L9D-Tcku9XqJADgkztqowU9rc', 'width': '311', 'height': '162'}], 'metatags': [{'og:image': 'https://cdn.shopify.com/s/files/1/0249/4994/8471/files/200x80_Black_1.png?height=628&pad_color=e8e6df&v=1575396903&width=1200', 'og:type': 'website', 'twitter:title': 'Apple Trees for Sale | Buy Apple Trees - Raintree Nursery', 'og:image:width': '1200', 'og:site_name': 'Raintree Nursery', 'og:title': 'Apple Trees for Sale | Buy Apple Trees - Raintree Nursery', 'shopify-checkout-api-token': 'b9822d6861e64e2aa738ddc00f75535a', 'og:image:height': '628', 'og:description': 'At Raintree Nursery, shop online for fruit trees, including apple trees from a great selection. We collected apple varieties from all around the globe.', 'og:image:secure_url': 'https://cdn.shopify.com/s/files/1/0249/4994/8471/files/200x80_Black_1.png?height=628&pad_color=e8e6df&v=1575396903&width=1200', 'viewport': 'width=device-width', 'twitter:description': 'At Raintree Nursery, shop online for fruit trees, including apple trees from a great selection. We collected apple varieties from all around the globe.', 'shopify-digital-wallet': '/24949948471/digital_wallets/dialog', 'og:url': 'https://raintreenursery.com/collections/apple-trees'}], 'cse_image': [{'src': 'https://cdn.shopify.com/s/files/1/0249/4994/8471/files/200x80_Black_1.png?height=628&pad_color=e8e6df&v=1575396903&width=1200'}]}",off,0.413722,11,"[{'src': 'https://encrypted-tbn3.gstatic.com/images?q=tbn:ANd9GcRjN4rdStRDruxvQfJgVUbN_6WfvdNqQ4L9D-Tcku9XqJADgkztqowU9rc', 'width': '311', 'height': '162'}]","[{'og:image': 'https://cdn.shopify.com/s/files/1/0249/4994/8471/files/200x80_Black_1.png?height=628&pad_color=e8e6df&v=1575396903&width=1200', 'og:type': 'website', 'twitter:title': 'Apple Trees for Sale | Buy Apple Trees - Raintree Nursery', 'og:image:width': '1200', 'og:site_name': 'Raintree Nursery', 'og:title': 'Apple Trees for Sale | Buy Apple Trees - Raintree Nursery', 'shopify-checkout-api-token': 'b9822d6861e64e2aa738ddc00f75535a', 'og:image:height': '628', 'og:description': 'At Raintree Nursery, shop online for fruit trees, including apple trees from a great selection. We collected apple varieties from all around the globe.', 'og:image:secure_url': 'https://cdn.shopify.com/s/files/1/0249/4994/8471/files/200x80_Black_1.png?height=628&pad_color=e8e6df&v=1575396903&width=1200', 'viewport': 'width=device-width', 'twitter:description': 'At Raintree Nursery, shop online for fruit trees, including apple trees from a great selection. We collected apple varieties from all around the globe.', 'shopify-digital-wallet': '/24949948471/digital_wallets/dialog', 'og:url': 'https://raintreenursery.com/collections/apple-trees'}]",[{'src': 'https://cdn.shopify.com/s/files/1/0249/4994/8471/files/200x80_Black_1.png?height=628&pad_color=e8e6df&v=1575396903&width=1200'}],,,,,,,,width=device-width,,https://cdn.shopify.com/s/files/1/0249/4994/8471/files/200x80_Black_1.png?height=628&pad_color=e8e6df&v=1575396903&width=1200,,,,,website,1200,,Apple Trees for Sale | Buy Apple Trees - Raintree Nursery,Raintree Nursery,,Apple Trees for Sale | Buy Apple Trees - Raintree Nursery,628,,"At Raintree Nursery, shop online for fruit trees, including apple trees from a great selection. We collected apple varieties from all around the globe.",,,,,,"At Raintree Nursery, shop online for fruit trees, including apple trees from a great selection. We collected apple varieties from all around the globe.",,https://raintreenursery.com/collections/apple-trees,,,,,,,,,,,,,,,,,,,,https://cdn.shopify.com/s/files/1/0249/4994/8471/files/200x80_Black_1.png?height=628&pad_color=e8e6df&v=1575396903&width=1200,,,,,,,,,,,,,,,,,,,,,,,,,,,,,,,,,,,,,,,,,,,,,,,,,,,,,,,,,,,,,,b9822d6861e64e2aa738ddc00f75535a,/24949948471/digital_wallets/dialog,,
15,11,us,Apple,16,Apples - Fedco Trees,"101 Fall. Very large round-conic apple, faintly red-striped or blushed orange-red. 
Firm slightly tart juicy flesh, best known for cooking but also good fresh eating.",www.fedcoseeds.com,https://www.fedcoseeds.com/trees/apples,2020-12-29 11:59:54.398717+00:00,7850000,Iqo8LN9rygQJ,10,Holisticseo.digital,7b8760de16d1e86bc,,0.41,"7,850,000",https://www.fedcoseeds.com/trees/apples,https://www.fedcoseeds.com/trees/<b>apples</b>,"101 Fall. Very large round-conic <b>apple</b>, faintly red-striped or blushed orange-red. <br>
Firm slightly tart juicy flesh, best known for cooking but also good fresh eating.",<b>Apples</b> - Fedco Trees,utf8,customsearch#result,,utf8,"{'cse_thumbnail': [{'src': 'https://encrypted-tbn2.gstatic.com/images?q=tbn:ANd9GcQheekaCT1ixn2aCA5QwcyTUmwKHa9w2mKNDDb3RxtW8SJfGI_0Ol5NfTw', 'width': '327', 'height': '120'}], 'metatags': [{'og:image': 'http://www.fedcoseeds.com/images/logo-seeds-color1.png', 'viewport': 'width=device-width, initial-scale=1'}], 'cse_image': [{'src': 'http://www.fedcoseeds.com/images/logo-seeds-color1.png'}]}",off,0.413722,11,"[{'src': 'https://encrypted-tbn2.gstatic.com/images?q=tbn:ANd9GcQheekaCT1ixn2aCA5QwcyTUmwKHa9w2mKNDDb3RxtW8SJfGI_0Ol5NfTw', 'width': '327', 'height': '120'}]","[{'og:image': 'http://www.fedcoseeds.com/images/logo-seeds-color1.png', 'viewport': 'width=device-width, initial-scale=1'}]",[{'src': 'http://www.fedcoseeds.com/images/logo-seeds-color1.png'}],,,,,,,,"width=device-width, initial-scale=1",,http://www.fedcoseeds.com/images/logo-seeds-color1.png,,,,,,,,,,,,,,,,,,,,,,,,,,,,,,,,,,,,,,,,,,,,,,,,,,,,,,,,,,,,,,,,,,,,,,,,,,,,,,,,,,,,,,,,,,,,,,,,,,,,,,,,,,,
16,11,us,Apple,17,Rare Apple Series: Variety 4-Pack,"This sampler consists of four distinct dry, orchard-based hard ciders that 
showcase the depth and complexity of cider-oriented, heirloom apples. The 
apples in ...",www.stormalong.com,https://www.stormalong.com/rare-apple-series-variety-4-pack,2020-12-29 11:59:54.398717+00:00,7850000,9afzzWTwtIoJ,10,Holisticseo.digital,7b8760de16d1e86bc,,0.41,"7,850,000",https://www.stormalong.com/rare-apple-series-variety-4-pack,https://www.stormalong.com/rare-<b>apple</b>-series-variety-4-pack,"This sampler consists of four distinct dry, orchard-based hard ciders that <br>
showcase the depth and complexity of cider-oriented, heirloom <b>apples</b>. The <br>
<b>apples</b> in&nbsp;...",Rare <b>Apple</b> Series: Variety 4-Pack,utf8,customsearch#result,,utf8,"{'cse_thumbnail': [{'src': 'https://encrypted-tbn1.gstatic.com/images?q=tbn:ANd9GcSIbRf9wmOqPAdIzOlkgEAZUG5XOAuuugb7clqCv7JlInRRg0LfXyJWtJw', 'width': '225', 'height': '225'}], 'metatags': [{'twitter:title': 'Rare Apple Series: Variety 4-Pack', 'viewport': 'width=device-width, initial-scale=1', 'og:title': 'Rare Apple Series: Variety 4-Pack'}], 'cse_image': [{'src': 'https://assets.website-files.com/5e5354d3337309c67af994c1/5e7cf6ff4bdb4c539e19ccab_cider-icons-concentrate.svg'}]}",off,0.413722,11,"[{'src': 'https://encrypted-tbn1.gstatic.com/images?q=tbn:ANd9GcSIbRf9wmOqPAdIzOlkgEAZUG5XOAuuugb7clqCv7JlInRRg0LfXyJWtJw', 'width': '225', 'height': '225'}]","[{'twitter:title': 'Rare Apple Series: Variety 4-Pack', 'viewport': 'width=device-width, initial-scale=1', 'og:title': 'Rare Apple Series: Variety 4-Pack'}]",[{'src': 'https://assets.website-files.com/5e5354d3337309c67af994c1/5e7cf6ff4bdb4c539e19ccab_cider-icons-concentrate.svg'}],,,,,,,,"width=device-width, initial-scale=1",,,,,,,,,,Rare Apple Series: Variety 4-Pack,,,Rare Apple Series: Variety 4-Pack,,,,,,,,,,,,,,,,,,,,,,,,,,,,,,,,,,,,,,,,,,,,,,,,,,,,,,,,,,,,,,,,,,,,,,,,,,,,,,,,,,,,,,,,,,,,,,,,
17,11,us,Apple,18,Apples – DeMeritt Hill Farm,"Apple trees take 4 to 5 years to produce their first fruit. There are more than 8,000 
varieties of apples – the largest variety of fruit to exist. Most apples can be grown
 ...",demeritthillfarm.com,https://demeritthillfarm.com/what-we-grow/apples/,2020-12-29 11:59:54.398717+00:00,7850000,6UPgH6t2ETMJ,10,Holisticseo.digital,7b8760de16d1e86bc,,0.41,"7,850,000",https://demeritthillfarm.com/what-we-grow/apples/,https://demeritthillfarm.com/what-we-grow/<b>apples</b>/,"<b>Apple</b> trees take 4 to 5 years to produce their first fruit. There are more than 8,000 <br>
varieties of <b>apples</b> – the largest variety of fruit to exist. Most <b>apples</b> can be grown<br>
&nbsp;...",<b>Apples</b> – DeMeritt Hill Farm,utf8,customsearch#result,,utf8,"{'cse_thumbnail': [{'src': 'https://encrypted-tbn1.gstatic.com/images?q=tbn:ANd9GcT86jsW878dwHtsJc43HKcZaToSOJZ1VrWACqB_o9H0oO_Cc0McZR9iEFw', 'width': '300', 'height': '168'}], 'metatags': [{'viewport': 'width=device-width, initial-scale=1', 'tec-api-origin': 'https://demeritthillfarm.com', 'msapplication-tileimage': 'https://demeritthillfarm.com/wp-content/uploads/2020/04/cropped-favicon-270x270.png', 'tec-api-version': 'v1'}], 'cse_image': [{'src': 'https://demeritthillfarm.com/wp-content/uploads/2020/09/FE985D8E-D876-4EF3-BA11-991F162E69E1.jpeg'}]}",off,0.413722,11,"[{'src': 'https://encrypted-tbn1.gstatic.com/images?q=tbn:ANd9GcT86jsW878dwHtsJc43HKcZaToSOJZ1VrWACqB_o9H0oO_Cc0McZR9iEFw', 'width': '300', 'height': '168'}]","[{'viewport': 'width=device-width, initial-scale=1', 'tec-api-origin': 'https://demeritthillfarm.com', 'msapplication-tileimage': 'https://demeritthillfarm.com/wp-content/uploads/2020/04/cropped-favicon-270x270.png', 'tec-api-version': 'v1'}]",[{'src': 'https://demeritthillfarm.com/wp-content/uploads/2020/09/FE985D8E-D876-4EF3-BA11-991F162E69E1.jpeg'}],,,,,,,,"width=device-width, initial-scale=1",,,,,,,,,,,,,,,,,,,,,,,,,,,,,,,,https://demeritthillfarm.com/wp-content/uploads/2020/04/cropped-favicon-270x270.png,,,,,,,,,,,,,,,,,,,,,,,,,,,,,,,,,,,,,,,,,,,,,,,,,,,,,,,,,,,,,,,,,,,,,,,,,,,,https://demeritthillfarm.com,v1
18,11,us,Apple,19,Apple Pears - Taking North America by storm | Kingsburg Orchards,"The Apple Pear is a relatively new fruit to most people, although they have been 
grown here since the Gold Rush days, when the Chinese miners planted them ...",www.kingsburgorchards.com,https://www.kingsburgorchards.com/products/applepears,2020-12-29 11:59:54.398717+00:00,7850000,K3O9HQUIwFIJ,10,Holisticseo.digital,7b8760de16d1e86bc,,0.41,"7,850,000",https://www.kingsburgorchards.com/products/applepears,https://www.kingsburgorchards.com/products/<b>apple</b>pears,"The <b>Apple</b> Pear is a relatively new fruit to most people, although they have been <br>
grown here since the Gold Rush days, when the Chinese miners planted them&nbsp;...",<b>Apple</b> Pears - Taking North America by storm | Kingsburg Orchards,utf8,customsearch#result,,utf8,"{'cse_thumbnail': [{'src': 'https://encrypted-tbn0.gstatic.com/images?q=tbn:ANd9GcQZ-nqyeimVaG8O8RgDBXNZqnw10m48q0sD3ZoYxoqKUC5-tf_q4O78HOM', 'width': '165', 'height': '127'}], 'Item': [{'encoded': 'Apple Pears (also known as “Sand Pears”, “Nashi”, “Asian Pears”) have been described as the “HOTTEST NEW ITEM SINCE THE KIWI”, and it’s no wonder! The crispy, crunchy, juicy,...'}], 'metatags': [{'viewport': 'width=1080'}], 'cse_image': [{'src': 'https://www.kingsburgorchards.com/sites/default/files/Apple-Pear-Stet-thumb.jpg'}]}",off,0.413722,11,"[{'src': 'https://encrypted-tbn0.gstatic.com/images?q=tbn:ANd9GcQZ-nqyeimVaG8O8RgDBXNZqnw10m48q0sD3ZoYxoqKUC5-tf_q4O78HOM', 'width': '165', 'height': '127'}]",[{'viewport': 'width=1080'}],[{'src': 'https://www.kingsburgorchards.com/sites/default/files/Apple-Pear-Stet-thumb.jpg'}],,,,,,,"[{'encoded': 'Apple Pears (also known as “Sand Pears”, “Nashi”, “Asian Pears”) have been described as the “HOTTEST NEW ITEM SINCE THE KIWI”, and it’s no wonder! The crispy, crunchy, juicy,...'}]",width=1080,,,,,,,,,,,,,,,,,,,,,,,,,,,,,,,,,,,,,,,,,,,,,,,,,,,,,,,,,,,,,,,,,,,,,,,,,,,,,,,,,,,,,,,,,,,,,,,,,,,,,,,,,,,,,
19,11,us,Apple,20,Mills Apple Farm - Apples,"Apples. We have primarily pick-your-own apples, with at least 15 varieties 
ripening continuously from around Labor Day through the end of October. Every 
year ...",fun4stlkids.com,http://fun4stlkids.com/Whats-Happening/Apple-U-Pick-Farms/Mills-Apple-Farm-U-Pick-Apples/Visit,2020-12-29 11:59:54.398717+00:00,7850000,7vmgdq-bU2UJ,10,Holisticseo.digital,7b8760de16d1e86bc,,0.41,"7,850,000",fun4stlkids.com/Whats-Happening/Apple-U-Pick...Apple...Apples/Visit,fun4stlkids.com/Whats-Happening/<b>Apple</b>-U-Pick...<b>Apple</b>...<b>Apples</b>/Visit,"<b>Apples</b>. We have primarily pick-your-own <b>apples</b>, with at least 15 varieties <br>
ripening continuously from around Labor Day through the end of October. Every <br>
year&nbsp;...",Mills <b>Apple</b> Farm - <b>Apples</b>,utf8,customsearch#result,,utf8,"{'cse_thumbnail': [{'src': 'https://encrypted-tbn1.gstatic.com/images?q=tbn:ANd9GcQWos-qBxwsleC-nwm5YQjMz4BJkT-lFTDVJStWhbo6OEolu6l5Q-Yxx7o', 'width': '259', 'height': '194'}], 'cse_image': [{'src': 'http://www.millsapplefarm.com/products/images/GS%20Grand%20Champion.JPG'}]}",off,0.413722,11,"[{'src': 'https://encrypted-tbn1.gstatic.com/images?q=tbn:ANd9GcQWos-qBxwsleC-nwm5YQjMz4BJkT-lFTDVJStWhbo6OEolu6l5Q-Yxx7o', 'width': '259', 'height': '194'}]",,[{'src': 'http://www.millsapplefarm.com/products/images/GS%20Grand%20Champion.JPG'}],,,,,,,,,,,,,,,,,,,,,,,,,,,,,,,,,,,,,,,,,,,,,,,,,,,,,,,,,,,,,,,,,,,,,,,,,,,,,,,,,,,,,,,,,,,,,,,,,,,,,,,,,,,,,,,,,,,,,
