,start,gl,searchTerms,rank,title,snippet,displayLink,link,queryTime,totalResults,cacheId,count,cseName,cx,formattedSearchTime,formattedTotalResults,formattedUrl,htmlFormattedUrl,htmlSnippet,htmlTitle,inputEncoding,kind,outputEncoding,pagemap,safe,searchTime,startIndex,cse_thumbnail,metatags,cse_image,BreadcrumbList,hcard,imageobject,person,videoobject,analytics-s-bucket-1,analytics-s-bucket-0,og:image,og:type,og:site_name,og:title,ac-gn-store-key,og:description,analytics-s-channel,viewport,og:locale,og:url,analytics-track,analytics-s-bucket-2,apple-itunes-app,analytics:s-pagename,ac-gn-search-field[locale],ac-gn-search-input,analytics:s-account,ac-gn-search-action,analytics:s-pagetype,ac-gn-search-field[src],ac-gn-search-field[type],position,analytics:s-channel,ac-gn-search-field[page],twitter:card,al:ios:app_name,al:ios:url,al:ios:app_store_id,twitter:site,omni_page,twitter:title,twitter:url,author,twitter:image,twitter:description,ac:pricing-alias,referrer,ac:tradein-alias,og:image:width,applicable-device,og:image:type,og:image:secure_url,web-experience-app/config/environment,twitter:image:alt,og:image:alt,twitter:domain,og:image:height,version,fb:app_id,apple:content_id,apple-mobile-web-app-status-bar-style,apple-mobile-web-app-capable,google,og:article:modified_time,analyticsattributes.topicchannel,analyticsattributes.backendchannellist,twitter:creator,article:publisher,revision_date,og:article:section,analyticsattributes.articledate,dcsext.dartzone,analyticsattributes.keywords,og:article:published_time,og:article:tag,twitter:image:src,analyticsattributes.topicsubchannel,analyticsattributes.edition,analyticsattributes.contenttype,sailthru.image.full,sailthru.author,msapplication-config,analyticsattributes.title,theme-color,analyticsattributes.topicn2codes,news_keywords,sailthru.title,analyticsattributes.contenttitle,analyticsattributes.canonicalurl,analyticsattributes.channel,og:article:author,msapplication-tilecolor,sailthru.date,analyticsattributes.inlinetype,analyticsattributes.keywordslug,analyticsattributes.author,analyticsattributes.contentchannel,sailthru.description,analyticsattributes.topicn2names,al:android:package,metatag_title,og:video:type,og:video:height,og:video:url,al:web:url,og:video:secure_url,og:video:tag,og:video:width,al:android:url,al:android:app_name,article:published_time,article:section,next-head-count,article:modified_time,article:content_tier,last_updated_date,article:opinion
0,1,us,Apple,1,Apple,"Discover the innovative world of Apple and shop everything iPhone, iPad, Apple 
Watch, Mac, and Apple TV, plus explore accessories, entertainment, and expert ...",www.apple.com,https://www.apple.com/,2020-12-29 11:59:16.218721+00:00,3590000000,xEELJvdODswJ,10,Holisticseo.digital,7b8760de16d1e86bc,0.43,"3,590,000,000",https://www.apple.com/,https://www.<b>apple</b>.com/,"Discover the innovative world of <b>Apple</b> and shop everything iPhone, iPad, <b>Apple</b> <br>
Watch, Mac, and <b>Apple</b> TV, plus explore accessories, entertainment, and expert&nbsp;...",<b>Apple</b>,utf8,customsearch#result,utf8,"{'cse_thumbnail': [{'src': 'https://encrypted-tbn0.gstatic.com/images?q=tbn:ANd9GcRacUJY6Fo27MdruwueoOCvlCRtLKZJLAtr5ecuBF6SJq46TXz0n2zL0s0', 'width': '310', 'height': '163'}], 'metatags': [{'analytics-s-bucket-1': 'appleglobal,applestoreww', 'analytics-s-bucket-0': 'appleglobal,applestoreww', 'og:image': 'https://www.apple.com/ac/structured-data/images/open_graph_logo.png?201809210816', 'og:type': 'website', 'og:site_name': 'Apple', 'og:title': 'Apple', 'ac-gn-store-key': 'SFX9YPYY9PPXCU9KH', 'og:description': 'Discover the innovative world of Apple and shop everything iPhone, iPad, Apple Watch, Mac, and Apple TV, plus explore accessories, entertainment, and expert device support.', 'analytics-s-channel': 'homepage', 'viewport': 'width=device-width, initial-scale=1, viewport-fit=cover', 'og:locale': 'en_US', 'og:url': 'https://www.apple.com/', 'analytics-track': 'Apple - Index/Tab', 'analytics-s-bucket-2': 'appleglobal,applestoreww'}], 'cse_image': [{'src': 'https://www.apple.com/ac/structured-data/images/open_graph_logo.png?201809210816'}]}",off,0.425283,1,"[{'src': 'https://encrypted-tbn0.gstatic.com/images?q=tbn:ANd9GcRacUJY6Fo27MdruwueoOCvlCRtLKZJLAtr5ecuBF6SJq46TXz0n2zL0s0', 'width': '310', 'height': '163'}]","[{'analytics-s-bucket-1': 'appleglobal,applestoreww', 'analytics-s-bucket-0': 'appleglobal,applestoreww', 'og:image': 'https://www.apple.com/ac/structured-data/images/open_graph_logo.png?201809210816', 'og:type': 'website', 'og:site_name': 'Apple', 'og:title': 'Apple', 'ac-gn-store-key': 'SFX9YPYY9PPXCU9KH', 'og:description': 'Discover the innovative world of Apple and shop everything iPhone, iPad, Apple Watch, Mac, and Apple TV, plus explore accessories, entertainment, and expert device support.', 'analytics-s-channel': 'homepage', 'viewport': 'width=device-width, initial-scale=1, viewport-fit=cover', 'og:locale': 'en_US', 'og:url': 'https://www.apple.com/', 'analytics-track': 'Apple - Index/Tab', 'analytics-s-bucket-2': 'appleglobal,applestoreww'}]",[{'src': 'https://www.apple.com/ac/structured-data/images/open_graph_logo.png?201809210816'}],,,,,,"appleglobal,applestoreww","appleglobal,applestoreww",https://www.apple.com/ac/structured-data/images/open_graph_logo.png?201809210816,website,Apple,Apple,SFX9YPYY9PPXCU9KH,"Discover the innovative world of Apple and shop everything iPhone, iPad, Apple Watch, Mac, and Apple TV, plus explore accessories, entertainment, and expert device support.",homepage,"width=device-width, initial-scale=1, viewport-fit=cover",en_US,https://www.apple.com/,Apple - Index/Tab,"appleglobal,applestoreww",,,,,,,,,,,,,,,,,,,,,,,,,,,,,,,,,,,,,,,,,,,,,,,,,,,,,,,,,,,,,,,,,,,,,,,,,,,,,,,,,,,,,,,,,,,,,,,
1,1,us,Apple,2,Official Apple Support,"Apple support is here to help. Learn more about popular topics and find 
resources that will help you with all of your Apple products.",support.apple.com,https://support.apple.com/,2020-12-29 11:59:16.218721+00:00,3590000000,n8Ff-cRc6J0J,10,Holisticseo.digital,7b8760de16d1e86bc,0.43,"3,590,000,000",https://support.apple.com/,https://support.<b>apple</b>.com/,"<b>Apple</b> support is here to help. Learn more about popular topics and find <br>
resources that will help you with all of your <b>Apple</b> products.",Official <b>Apple</b> Support,utf8,customsearch#result,utf8,"{'cse_thumbnail': [{'src': 'https://encrypted-tbn0.gstatic.com/images?q=tbn:ANd9GcRbKkyFf_jTS_odh3DbcE1ZBPwtlQL7XIu8aK5tikJ0TCvt-zwPu9yArLzX', 'width': '380', 'height': '132'}], 'BreadcrumbList': [{}], 'metatags': [{'apple-itunes-app': 'app-id=1130498044,affiliate-data=ct=support.home&pt=2003', 'ac-gn-store-key': 'S2A49YFKJF2JAT22K', 'analytics:s-pagename': 'acs::web::home::home::landing (en_US)', 'ac-gn-search-field[locale]': 'en_US', 'ac-gn-search-input': 'q', 'analytics:s-account': 'appleglobal,applesupport', 'ac-gn-search-action': 'https://support.apple.com/kb/index', 'analytics:s-pagetype': 'home', 'viewport': 'width=device-width, initial-scale=1, viewport-fit=cover', 'ac-gn-search-field[src]': 'globalnav_support', 'ac-gn-search-field[type]': 'organic', 'position': '1', 'analytics:s-channel': 'www.us.support', 'ac-gn-search-field[page]': 'search'}], 'cse_image': [{'src': 'https://support.apple.com/content/dam/edam/applecare/images/en_US/psp/hero-banner-baker-homepage.image.large_2x.jpg'}]}",off,0.425283,1,"[{'src': 'https://encrypted-tbn0.gstatic.com/images?q=tbn:ANd9GcRbKkyFf_jTS_odh3DbcE1ZBPwtlQL7XIu8aK5tikJ0TCvt-zwPu9yArLzX', 'width': '380', 'height': '132'}]","[{'apple-itunes-app': 'app-id=1130498044,affiliate-data=ct=support.home&pt=2003', 'ac-gn-store-key': 'S2A49YFKJF2JAT22K', 'analytics:s-pagename': 'acs::web::home::home::landing (en_US)', 'ac-gn-search-field[locale]': 'en_US', 'ac-gn-search-input': 'q', 'analytics:s-account': 'appleglobal,applesupport', 'ac-gn-search-action': 'https://support.apple.com/kb/index', 'analytics:s-pagetype': 'home', 'viewport': 'width=device-width, initial-scale=1, viewport-fit=cover', 'ac-gn-search-field[src]': 'globalnav_support', 'ac-gn-search-field[type]': 'organic', 'position': '1', 'analytics:s-channel': 'www.us.support', 'ac-gn-search-field[page]': 'search'}]",[{'src': 'https://support.apple.com/content/dam/edam/applecare/images/en_US/psp/hero-banner-baker-homepage.image.large_2x.jpg'}],[{}],,,,,,,,,,,S2A49YFKJF2JAT22K,,,"width=device-width, initial-scale=1, viewport-fit=cover",,,,,"app-id=1130498044,affiliate-data=ct=support.home&pt=2003",acs::web::home::home::landing (en_US),en_US,q,"appleglobal,applesupport",https://support.apple.com/kb/index,home,globalnav_support,organic,1,www.us.support,search,,,,,,,,,,,,,,,,,,,,,,,,,,,,,,,,,,,,,,,,,,,,,,,,,,,,,,,,,,,,,,,,,,,,,,,,,,,,,,,,,,,
2,1,us,Apple,3,iPhone - Apple,"Special Carrier Offers at Apple. Get the newest iPhone for an unbelievable price. 
AT&T. Pay as low as $0/mo. over ...",www.apple.com,https://www.apple.com/iphone/,2020-12-29 11:59:16.218721+00:00,3590000000,JIjFa1byZv4J,10,Holisticseo.digital,7b8760de16d1e86bc,0.43,"3,590,000,000",https://www.apple.com/iphone/,https://www.<b>apple</b>.com/iphone/,"Special Carrier Offers at <b>Apple</b>. Get the newest iPhone for an unbelievable price. <br>
AT&amp;T. Pay as low as $0/mo. over&nbsp;...",iPhone - <b>Apple</b>,utf8,customsearch#result,utf8,"{'cse_thumbnail': [{'src': 'https://encrypted-tbn3.gstatic.com/images?q=tbn:ANd9GcQ4qRwKsgw7exjy8GyOaBA77M10dHY510hF1QL3Z1Ml8O3M9WOf5ruvW5DD', 'width': '310', 'height': '163'}], 'BreadcrumbList': [{}], 'metatags': [{'analytics-s-bucket-1': 'appleglobal,applestoreww', 'og:image': 'https://www.apple.com/v/iphone/home/as/images/meta/iphone__dgs666g2ou82_og.png?202012221543', 'analytics-s-bucket-0': 'appleglobal,applestoreww', 'og:type': 'website', 'twitter:card': 'summary_large_image', 'og:site_name': 'Apple', 'al:ios:app_name': 'Apple Store', 'og:title': 'iPhone', 'ac-gn-store-key': 'SFX9YPYY9PPXCU9KH', 'al:ios:url': 'https://www.apple.com/us/xc/iphone?cid=AOS_ASA', 'og:description': 'Explore iPhone, the world’s most powerful personal device. Check out iPhone 12 Pro, iPhone 12 Pro Max, iPhone 12, iPhone 12 mini, and iPhone SE.', 'al:ios:app_store_id': '375380948', 'analytics-s-channel': 'iphone.tab+other', 'twitter:site': '@Apple', 'viewport': 'width=device-width, initial-scale=1, viewport-fit=cover', 'og:locale': 'en_US', 'position': '1', 'og:url': 'https://www.apple.com/iphone/', 'analytics-track': 'iPhone - Index/Tab', 'analytics-s-bucket-2': 'appleglobal,applestoreww'}], 'cse_image': [{'src': 'https://www.apple.com/v/iphone/home/as/images/meta/iphone__dgs666g2ou82_og.png?202012221543'}]}",off,0.425283,1,"[{'src': 'https://encrypted-tbn3.gstatic.com/images?q=tbn:ANd9GcQ4qRwKsgw7exjy8GyOaBA77M10dHY510hF1QL3Z1Ml8O3M9WOf5ruvW5DD', 'width': '310', 'height': '163'}]","[{'analytics-s-bucket-1': 'appleglobal,applestoreww', 'og:image': 'https://www.apple.com/v/iphone/home/as/images/meta/iphone__dgs666g2ou82_og.png?202012221543', 'analytics-s-bucket-0': 'appleglobal,applestoreww', 'og:type': 'website', 'twitter:card': 'summary_large_image', 'og:site_name': 'Apple', 'al:ios:app_name': 'Apple Store', 'og:title': 'iPhone', 'ac-gn-store-key': 'SFX9YPYY9PPXCU9KH', 'al:ios:url': 'https://www.apple.com/us/xc/iphone?cid=AOS_ASA', 'og:description': 'Explore iPhone, the world’s most powerful personal device. Check out iPhone 12 Pro, iPhone 12 Pro Max, iPhone 12, iPhone 12 mini, and iPhone SE.', 'al:ios:app_store_id': '375380948', 'analytics-s-channel': 'iphone.tab+other', 'twitter:site': '@Apple', 'viewport': 'width=device-width, initial-scale=1, viewport-fit=cover', 'og:locale': 'en_US', 'position': '1', 'og:url': 'https://www.apple.com/iphone/', 'analytics-track': 'iPhone - Index/Tab', 'analytics-s-bucket-2': 'appleglobal,applestoreww'}]",[{'src': 'https://www.apple.com/v/iphone/home/as/images/meta/iphone__dgs666g2ou82_og.png?202012221543'}],[{}],,,,,"appleglobal,applestoreww","appleglobal,applestoreww",https://www.apple.com/v/iphone/home/as/images/meta/iphone__dgs666g2ou82_og.png?202012221543,website,Apple,iPhone,SFX9YPYY9PPXCU9KH,"Explore iPhone, the world’s most powerful personal device. Check out iPhone 12 Pro, iPhone 12 Pro Max, iPhone 12, iPhone 12 mini, and iPhone SE.",iphone.tab+other,"width=device-width, initial-scale=1, viewport-fit=cover",en_US,https://www.apple.com/iphone/,iPhone - Index/Tab,"appleglobal,applestoreww",,,,,,,,,,1,,,summary_large_image,Apple Store,https://www.apple.com/us/xc/iphone?cid=AOS_ASA,375380948,@Apple,,,,,,,,,,,,,,,,,,,,,,,,,,,,,,,,,,,,,,,,,,,,,,,,,,,,,,,,,,,,,,,,,,,,,,,,,,,,,,
3,1,us,Apple,4,Apple Developer,There's never been a better time to develop for Apple platforms.,developer.apple.com,https://developer.apple.com/,2020-12-29 11:59:16.218721+00:00,3590000000,4_qFJakwvtAJ,10,Holisticseo.digital,7b8760de16d1e86bc,0.43,"3,590,000,000",https://developer.apple.com/,https://developer.<b>apple</b>.com/,There&#39;s never been a better time to develop for <b>Apple</b> platforms.,<b>Apple</b> Developer,utf8,customsearch#result,utf8,"{'cse_thumbnail': [{'src': 'https://encrypted-tbn3.gstatic.com/images?q=tbn:ANd9GcSuB9yF8R2H56fuSAcpTnQejonq_SiWf-Vcf6h_Qb8_tqxf9vGBwurrBYc', 'width': '310', 'height': '163'}], 'metatags': [{'omni_page': 'Apple Developer - (English)', 'og:image': 'https://developer.apple.com/news/images/og/apple-developer-og.png', 'og:type': 'website', 'twitter:card': 'summary_large_image', 'twitter:title': 'Apple Developer', 'og:site_name': 'Apple Developer', 'twitter:url': 'https://developer.apple.com/', 'author': 'Apple Inc.', 'og:title': 'Apple Developer', 'og:description': 'There’s never been a better time to develop for Apple platforms.', 'twitter:image': 'https://developer.apple.com/news/images/og/apple-developer-og-twitter.png', 'viewport': 'width=device-width, initial-scale=1, viewport-fit=cover', 'twitter:description': 'There’s never been a better time to develop for Apple platforms.', 'og:locale': 'en_US', 'og:url': 'https://developer.apple.com/'}], 'cse_image': [{'src': 'https://developer.apple.com/news/images/og/apple-developer-og.png'}]}",off,0.425283,1,"[{'src': 'https://encrypted-tbn3.gstatic.com/images?q=tbn:ANd9GcSuB9yF8R2H56fuSAcpTnQejonq_SiWf-Vcf6h_Qb8_tqxf9vGBwurrBYc', 'width': '310', 'height': '163'}]","[{'omni_page': 'Apple Developer - (English)', 'og:image': 'https://developer.apple.com/news/images/og/apple-developer-og.png', 'og:type': 'website', 'twitter:card': 'summary_large_image', 'twitter:title': 'Apple Developer', 'og:site_name': 'Apple Developer', 'twitter:url': 'https://developer.apple.com/', 'author': 'Apple Inc.', 'og:title': 'Apple Developer', 'og:description': 'There’s never been a better time to develop for Apple platforms.', 'twitter:image': 'https://developer.apple.com/news/images/og/apple-developer-og-twitter.png', 'viewport': 'width=device-width, initial-scale=1, viewport-fit=cover', 'twitter:description': 'There’s never been a better time to develop for Apple platforms.', 'og:locale': 'en_US', 'og:url': 'https://developer.apple.com/'}]",[{'src': 'https://developer.apple.com/news/images/og/apple-developer-og.png'}],,,,,,,,https://developer.apple.com/news/images/og/apple-developer-og.png,website,Apple Developer,Apple Developer,,There’s never been a better time to develop for Apple platforms.,,"width=device-width, initial-scale=1, viewport-fit=cover",en_US,https://developer.apple.com/,,,,,,,,,,,,,,,summary_large_image,,,,,Apple Developer - (English),Apple Developer,https://developer.apple.com/,Apple Inc.,https://developer.apple.com/news/images/og/apple-developer-og-twitter.png,There’s never been a better time to develop for Apple platforms.,,,,,,,,,,,,,,,,,,,,,,,,,,,,,,,,,,,,,,,,,,,,,,,,,,,,,,,,,,,,,,,,,,,,,,,,
4,1,us,Apple,5,Watch - Apple,"Apple Watch Series 6 · 44mm or 40mm case size · Always-On Retina display · 
GPS + Cellular GPS Blood Oxygen app ECG app High and low heart rate ...",www.apple.com,https://www.apple.com/watch/,2020-12-29 11:59:16.218721+00:00,3590000000,725XSlUCc6kJ,10,Holisticseo.digital,7b8760de16d1e86bc,0.43,"3,590,000,000",https://www.apple.com/watch/,https://www.<b>apple</b>.com/watch/,"<b>Apple</b> Watch Series 6 &middot; 44mm or 40mm case size &middot; Always-On Retina display &middot; <br>
GPS + Cellular GPS Blood Oxygen app ECG app High and low heart rate&nbsp;...",Watch - <b>Apple</b>,utf8,customsearch#result,utf8,"{'cse_thumbnail': [{'src': 'https://encrypted-tbn3.gstatic.com/images?q=tbn:ANd9GcRqbbgMwGd6EshDmucwvYQDczoDf2EAyJY92wJGSO5d6cYgygk06K7F17Nl', 'width': '310', 'height': '163'}], 'BreadcrumbList': [{}], 'metatags': [{'analytics-s-bucket-1': 'appleglobal,applestoreww', 'og:image': 'https://www.apple.com/v/watch/home/ag/images/meta/gps-lte/og__n5qzveqr596m.png?202012211736', 'analytics-s-bucket-0': 'appleglobal,applestoreww', 'og:type': 'website', 'twitter:card': 'summary_large_image', 'og:site_name': 'Apple', 'al:ios:app_name': 'Apple Store', 'og:title': 'Watch', 'ac-gn-store-key': 'SFX9YPYY9PPXCU9KH', 'al:ios:url': 'https://www.apple.com/us/xc/watch?cid=AOS_ASA', 'og:description': 'Apple Watch is the ultimate device for a healthy life. Available in three models: Apple Watch Series 6, Apple Watch SE, and Apple Watch Series 3.', 'al:ios:app_store_id': '375380948', 'analytics-s-channel': 'applewatch.tab+other', 'twitter:site': '@Apple', 'viewport': 'width=device-width, initial-scale=1, viewport-fit=cover', 'ac:pricing-alias': 'series-3-gps=W17_AL_SI_SP_WH_G', 'og:locale': 'en_US', 'position': '1', 'og:url': 'https://www.apple.com/watch/', 'analytics-track': 'watch - index/tab', 'analytics-s-bucket-2': 'appleglobal,applestoreww'}], 'cse_image': [{'src': 'https://www.apple.com/v/watch/home/ag/images/meta/gps-lte/og__n5qzveqr596m.png?202012211736'}]}",off,0.425283,1,"[{'src': 'https://encrypted-tbn3.gstatic.com/images?q=tbn:ANd9GcRqbbgMwGd6EshDmucwvYQDczoDf2EAyJY92wJGSO5d6cYgygk06K7F17Nl', 'width': '310', 'height': '163'}]","[{'analytics-s-bucket-1': 'appleglobal,applestoreww', 'og:image': 'https://www.apple.com/v/watch/home/ag/images/meta/gps-lte/og__n5qzveqr596m.png?202012211736', 'analytics-s-bucket-0': 'appleglobal,applestoreww', 'og:type': 'website', 'twitter:card': 'summary_large_image', 'og:site_name': 'Apple', 'al:ios:app_name': 'Apple Store', 'og:title': 'Watch', 'ac-gn-store-key': 'SFX9YPYY9PPXCU9KH', 'al:ios:url': 'https://www.apple.com/us/xc/watch?cid=AOS_ASA', 'og:description': 'Apple Watch is the ultimate device for a healthy life. Available in three models: Apple Watch Series 6, Apple Watch SE, and Apple Watch Series 3.', 'al:ios:app_store_id': '375380948', 'analytics-s-channel': 'applewatch.tab+other', 'twitter:site': '@Apple', 'viewport': 'width=device-width, initial-scale=1, viewport-fit=cover', 'ac:pricing-alias': 'series-3-gps=W17_AL_SI_SP_WH_G', 'og:locale': 'en_US', 'position': '1', 'og:url': 'https://www.apple.com/watch/', 'analytics-track': 'watch - index/tab', 'analytics-s-bucket-2': 'appleglobal,applestoreww'}]",[{'src': 'https://www.apple.com/v/watch/home/ag/images/meta/gps-lte/og__n5qzveqr596m.png?202012211736'}],[{}],,,,,"appleglobal,applestoreww","appleglobal,applestoreww",https://www.apple.com/v/watch/home/ag/images/meta/gps-lte/og__n5qzveqr596m.png?202012211736,website,Apple,Watch,SFX9YPYY9PPXCU9KH,"Apple Watch is the ultimate device for a healthy life. Available in three models: Apple Watch Series 6, Apple Watch SE, and Apple Watch Series 3.",applewatch.tab+other,"width=device-width, initial-scale=1, viewport-fit=cover",en_US,https://www.apple.com/watch/,watch - index/tab,"appleglobal,applestoreww",,,,,,,,,,1,,,summary_large_image,Apple Store,https://www.apple.com/us/xc/watch?cid=AOS_ASA,375380948,@Apple,,,,,,,series-3-gps=W17_AL_SI_SP_WH_G,,,,,,,,,,,,,,,,,,,,,,,,,,,,,,,,,,,,,,,,,,,,,,,,,,,,,,,,,,,,,,,,,,,,,,,
5,1,us,Apple,6,Apple Inc. - Wikipedia,"Apple Inc. is an American multinational technology company headquartered in 
Cupertino, California, that designs, develops and sells consumer electronics, ...",en.wikipedia.org,https://en.wikipedia.org/wiki/Apple_Inc.,2020-12-29 11:59:16.218721+00:00,3590000000,,10,Holisticseo.digital,7b8760de16d1e86bc,0.43,"3,590,000,000",https://en.wikipedia.org/wiki/Apple_Inc.,https://en.wikipedia.org/wiki/<b>Apple</b>_Inc.,"<b>Apple</b> Inc. is an American multinational technology company headquartered in <br>
Cupertino, California, that designs, develops and sells consumer electronics,&nbsp;...",<b>Apple</b> Inc. - Wikipedia,utf8,customsearch#result,utf8,"{'hcard': [{'url_text': 'www.apple.com', 'bday': '1976-04-01', 'fn': 'Apple Inc.', 'nickname': 'Apple Computer Company[1] (1976–1977) Apple Computer, Inc.[2] (1977–2007)', 'logo': 'Overhead view of Apple Park located in Cupertino, California', 'label': '1 Apple Park Way Cupertino, California, U.S.', 'category': 'Public', 'url': 'www.apple.com'}], 'cse_thumbnail': [{'src': 'https://encrypted-tbn0.gstatic.com/images?q=tbn:ANd9GcRRS_kAtLrHahJejVIzi0Uesg4N-a1qxKcERoZ_6sxDMavhB7o5zsoGPeI', 'width': '300', 'height': '168'}], 'metatags': [{'referrer': 'origin', 'og:image': 'https://upload.wikimedia.org/wikipedia/commons/thumb/e/eb/Apple_park_cupertino_2019.jpg/1200px-Apple_park_cupertino_2019.jpg'}], 'cse_image': [{'src': 'https://upload.wikimedia.org/wikipedia/commons/thumb/e/eb/Apple_park_cupertino_2019.jpg/1200px-Apple_park_cupertino_2019.jpg'}]}",off,0.425283,1,"[{'src': 'https://encrypted-tbn0.gstatic.com/images?q=tbn:ANd9GcRRS_kAtLrHahJejVIzi0Uesg4N-a1qxKcERoZ_6sxDMavhB7o5zsoGPeI', 'width': '300', 'height': '168'}]","[{'referrer': 'origin', 'og:image': 'https://upload.wikimedia.org/wikipedia/commons/thumb/e/eb/Apple_park_cupertino_2019.jpg/1200px-Apple_park_cupertino_2019.jpg'}]",[{'src': 'https://upload.wikimedia.org/wikipedia/commons/thumb/e/eb/Apple_park_cupertino_2019.jpg/1200px-Apple_park_cupertino_2019.jpg'}],,"[{'url_text': 'www.apple.com', 'bday': '1976-04-01', 'fn': 'Apple Inc.', 'nickname': 'Apple Computer Company[1] (1976–1977) Apple Computer, Inc.[2] (1977–2007)', 'logo': 'Overhead view of Apple Park located in Cupertino, California', 'label': '1 Apple Park Way Cupertino, California, U.S.', 'category': 'Public', 'url': 'www.apple.com'}]",,,,,,https://upload.wikimedia.org/wikipedia/commons/thumb/e/eb/Apple_park_cupertino_2019.jpg/1200px-Apple_park_cupertino_2019.jpg,,,,,,,,,,,,,,,,,,,,,,,,,,,,,,,,,,,,origin,,,,,,,,,,,,,,,,,,,,,,,,,,,,,,,,,,,,,,,,,,,,,,,,,,,,,,,,,,,,,,,,,,,,,,
6,1,us,Apple,7,iPad - Apple,"10.9”. Liquid Retina display. A14 Bionic chip. Compatible with Magic Keyboard 
and Smart Keyboard Folio. Compatible with Apple Pencil (2nd generation). Buy.",www.apple.com,https://www.apple.com/ipad/,2020-12-29 11:59:16.218721+00:00,3590000000,tdQpuSKV3SAJ,10,Holisticseo.digital,7b8760de16d1e86bc,0.43,"3,590,000,000",https://www.apple.com/ipad/,https://www.<b>apple</b>.com/ipad/,"10.9”. Liquid Retina display. A14 Bionic chip. Compatible with Magic Keyboard <br>
and Smart Keyboard Folio. Compatible with <b>Apple</b> Pencil (2nd generation). Buy.",iPad - <b>Apple</b>,utf8,customsearch#result,utf8,"{'cse_thumbnail': [{'src': 'https://encrypted-tbn1.gstatic.com/images?q=tbn:ANd9GcQXVIJPx2bc3oZqYX432YuLb0WfNbyuwuBWVoqOUGokvewxix2HLKPS9j4', 'width': '310', 'height': '163'}], 'BreadcrumbList': [{}], 'metatags': [{'analytics-s-bucket-1': 'appleglobal,applestoreww', 'og:image': 'https://www.apple.com/v/ipad/home/bi/images/meta/ipad__c4e5jto4jrgy_og.png?202012211736', 'analytics-s-bucket-0': 'appleglobal,applestoreww', 'og:type': 'website', 'twitter:card': 'summary_large_image', 'og:site_name': 'Apple', 'al:ios:app_name': 'Apple Store', 'og:title': 'iPad', 'ac-gn-store-key': 'SFX9YPYY9PPXCU9KH', 'al:ios:url': 'https://www.apple.com/us/xc/ipad?cid=AOS_ASA', 'og:description': 'Explore the world of iPad. Featuring an all-new iPad Air, an even faster iPad, iPad Pro in two sizes, and iPad mini.', 'al:ios:app_store_id': '375380948', 'analytics-s-channel': 'ipad.tab+other', 'twitter:site': '@Apple', 'viewport': 'width=device-width, initial-scale=1, viewport-fit=cover', 'ac:pricing-alias': 'ipad-pro=IPADPRO2020_MAIN', 'og:locale': 'en_US', 'ac:tradein-alias': 'ipadpro-tradein=5631', 'position': '1', 'og:url': 'https://www.apple.com/ipad/', 'analytics-track': 'ipad - index/tab', 'analytics-s-bucket-2': 'appleglobal,applestoreww'}], 'cse_image': [{'src': 'https://www.apple.com/v/ipad/home/bi/images/meta/ipad__c4e5jto4jrgy_og.png?202012211736'}]}",off,0.425283,1,"[{'src': 'https://encrypted-tbn1.gstatic.com/images?q=tbn:ANd9GcQXVIJPx2bc3oZqYX432YuLb0WfNbyuwuBWVoqOUGokvewxix2HLKPS9j4', 'width': '310', 'height': '163'}]","[{'analytics-s-bucket-1': 'appleglobal,applestoreww', 'og:image': 'https://www.apple.com/v/ipad/home/bi/images/meta/ipad__c4e5jto4jrgy_og.png?202012211736', 'analytics-s-bucket-0': 'appleglobal,applestoreww', 'og:type': 'website', 'twitter:card': 'summary_large_image', 'og:site_name': 'Apple', 'al:ios:app_name': 'Apple Store', 'og:title': 'iPad', 'ac-gn-store-key': 'SFX9YPYY9PPXCU9KH', 'al:ios:url': 'https://www.apple.com/us/xc/ipad?cid=AOS_ASA', 'og:description': 'Explore the world of iPad. Featuring an all-new iPad Air, an even faster iPad, iPad Pro in two sizes, and iPad mini.', 'al:ios:app_store_id': '375380948', 'analytics-s-channel': 'ipad.tab+other', 'twitter:site': '@Apple', 'viewport': 'width=device-width, initial-scale=1, viewport-fit=cover', 'ac:pricing-alias': 'ipad-pro=IPADPRO2020_MAIN', 'og:locale': 'en_US', 'ac:tradein-alias': 'ipadpro-tradein=5631', 'position': '1', 'og:url': 'https://www.apple.com/ipad/', 'analytics-track': 'ipad - index/tab', 'analytics-s-bucket-2': 'appleglobal,applestoreww'}]",[{'src': 'https://www.apple.com/v/ipad/home/bi/images/meta/ipad__c4e5jto4jrgy_og.png?202012211736'}],[{}],,,,,"appleglobal,applestoreww","appleglobal,applestoreww",https://www.apple.com/v/ipad/home/bi/images/meta/ipad__c4e5jto4jrgy_og.png?202012211736,website,Apple,iPad,SFX9YPYY9PPXCU9KH,"Explore the world of iPad. Featuring an all-new iPad Air, an even faster iPad, iPad Pro in two sizes, and iPad mini.",ipad.tab+other,"width=device-width, initial-scale=1, viewport-fit=cover",en_US,https://www.apple.com/ipad/,ipad - index/tab,"appleglobal,applestoreww",,,,,,,,,,1,,,summary_large_image,Apple Store,https://www.apple.com/us/xc/ipad?cid=AOS_ASA,375380948,@Apple,,,,,,,ipad-pro=IPADPRO2020_MAIN,,ipadpro-tradein=5631,,,,,,,,,,,,,,,,,,,,,,,,,,,,,,,,,,,,,,,,,,,,,,,,,,,,,,,,,,,,,,,,,,,,,
7,1,us,Apple,8,United States - Jobs at Apple,Results 1 - 20 of 2766 ... Explore all United States jobs at Apple. Create a profile and apply today.,jobs.apple.com,https://jobs.apple.com/en-us/search?location=united-states-USA,2020-12-29 11:59:16.218721+00:00,3590000000,T7LQSOJ_twUJ,10,Holisticseo.digital,7b8760de16d1e86bc,0.43,"3,590,000,000",https://jobs.apple.com/en-us/search?location=united-states-USA,https://jobs.<b>apple</b>.com/en-us/search?location=united-states-USA,Results 1 - 20 of 2766 <b>...</b> Explore all United States jobs at <b>Apple</b>. Create a profile and apply today.,United States - Jobs at <b>Apple</b>,utf8,customsearch#result,utf8,"{'BreadcrumbList': [{}], 'metatags': [{'og:type': 'website', 'viewport': 'width=device-width, initial-scale=1, maximum-scale=1', 'og:title': 'United States - Jobs at Apple', 'position': '1', 'og:url': 'https://jobs.apple.com/en-us/search?location=united-states-USA', 'og:description': 'Explore all United States jobs at Apple. Create a profile and apply today.'}]}",off,0.425283,1,,"[{'og:type': 'website', 'viewport': 'width=device-width, initial-scale=1, maximum-scale=1', 'og:title': 'United States - Jobs at Apple', 'position': '1', 'og:url': 'https://jobs.apple.com/en-us/search?location=united-states-USA', 'og:description': 'Explore all United States jobs at Apple. Create a profile and apply today.'}]",,[{}],,,,,,,,website,,United States - Jobs at Apple,,Explore all United States jobs at Apple. Create a profile and apply today.,,"width=device-width, initial-scale=1, maximum-scale=1",,https://jobs.apple.com/en-us/search?location=united-states-USA,,,,,,,,,,,,1,,,,,,,,,,,,,,,,,,,,,,,,,,,,,,,,,,,,,,,,,,,,,,,,,,,,,,,,,,,,,,,,,,,,,,,,,,,,,,,,,,,,,
8,1,us,Apple,9,WWDC20 - Apple Developer,"Special Event Keynote and Platforms State of the Union. The Apple Worldwide 
Developers Conference kicks off with exciting reveals, inspiration, and new ...",developer.apple.com,https://developer.apple.com/wwdc20/,2020-12-29 11:59:16.218721+00:00,3590000000,e0wnqoQrrlEJ,10,Holisticseo.digital,7b8760de16d1e86bc,0.43,"3,590,000,000",https://developer.apple.com/wwdc20/,https://developer.<b>apple</b>.com/wwdc20/,"Special Event Keynote and Platforms State of the Union. The <b>Apple</b> Worldwide <br>
Developers Conference kicks off with exciting reveals, inspiration, and new&nbsp;...",WWDC20 - <b>Apple</b> Developer,utf8,customsearch#result,utf8,"{'cse_thumbnail': [{'src': 'https://encrypted-tbn1.gstatic.com/images?q=tbn:ANd9GcRSlaZ7ifDGCn1uMKA1ix0__tOAuki3AUlzXNKen9E-Xwehz_UKHbGEfKx1', 'width': '310', 'height': '163'}], 'metatags': [{'omni_page': 'WWDC20', 'og:image': 'https://developer.apple.com/news/images/og/wwdc20-og-v4.jpg', 'apple-itunes-app': 'app-id=640199958', 'twitter:card': 'summary_large_image', 'twitter:title': 'WWDC20', 'viewport': 'width=device-width, initial-scale=1, viewport-fit=cover', 'author': 'Apple Inc.', 'twitter:description': 'Join us for the first global, all-online WWDC20.', 'og:title': 'WWDC20', 'og:url': 'https://developer.apple.com/wwdc20/', 'og:description': 'Join us for the first global, all-online WWDC20.', 'twitter:image': 'https://developer.apple.com/news/images/og/wwdc20-og-twitter-v4.jpg'}], 'cse_image': [{'src': 'https://developer.apple.com/news/images/og/wwdc20-og-v4.jpg'}]}",off,0.425283,1,"[{'src': 'https://encrypted-tbn1.gstatic.com/images?q=tbn:ANd9GcRSlaZ7ifDGCn1uMKA1ix0__tOAuki3AUlzXNKen9E-Xwehz_UKHbGEfKx1', 'width': '310', 'height': '163'}]","[{'omni_page': 'WWDC20', 'og:image': 'https://developer.apple.com/news/images/og/wwdc20-og-v4.jpg', 'apple-itunes-app': 'app-id=640199958', 'twitter:card': 'summary_large_image', 'twitter:title': 'WWDC20', 'viewport': 'width=device-width, initial-scale=1, viewport-fit=cover', 'author': 'Apple Inc.', 'twitter:description': 'Join us for the first global, all-online WWDC20.', 'og:title': 'WWDC20', 'og:url': 'https://developer.apple.com/wwdc20/', 'og:description': 'Join us for the first global, all-online WWDC20.', 'twitter:image': 'https://developer.apple.com/news/images/og/wwdc20-og-twitter-v4.jpg'}]",[{'src': 'https://developer.apple.com/news/images/og/wwdc20-og-v4.jpg'}],,,,,,,,https://developer.apple.com/news/images/og/wwdc20-og-v4.jpg,,,WWDC20,,"Join us for the first global, all-online WWDC20.",,"width=device-width, initial-scale=1, viewport-fit=cover",,https://developer.apple.com/wwdc20/,,,app-id=640199958,,,,,,,,,,,,summary_large_image,,,,,WWDC20,WWDC20,,Apple Inc.,https://developer.apple.com/news/images/og/wwdc20-og-twitter-v4.jpg,"Join us for the first global, all-online WWDC20.",,,,,,,,,,,,,,,,,,,,,,,,,,,,,,,,,,,,,,,,,,,,,,,,,,,,,,,,,,,,,,,,,,,,,,,,
9,1,us,Apple,10,Apple Beta Software Program,"Apple Beta Software Program. Help make the next releases of iOS, iPadOS, 
macOS, tvOS and watchOS our best yet. As a member of the Apple Beta Software
 ...",beta.apple.com,https://beta.apple.com/,2020-12-29 11:59:16.218721+00:00,3590000000,HbIwCPtIKGsJ,10,Holisticseo.digital,7b8760de16d1e86bc,0.43,"3,590,000,000",https://beta.apple.com/,https://beta.<b>apple</b>.com/,"<b>Apple</b> Beta Software Program. Help make the next releases of iOS, iPadOS, <br>
macOS, tvOS and watchOS our best yet. As a member of the <b>Apple</b> Beta Software<br>
&nbsp;...",<b>Apple</b> Beta Software Program,utf8,customsearch#result,utf8,"{'metatags': [{'viewport': 'width=device-width, initial-scale=1, viewport-fit=cover'}]}",off,0.425283,1,,"[{'viewport': 'width=device-width, initial-scale=1, viewport-fit=cover'}]",,,,,,,,,,,,,,,,"width=device-width, initial-scale=1, viewport-fit=cover",,,,,,,,,,,,,,,,,,,,,,,,,,,,,,,,,,,,,,,,,,,,,,,,,,,,,,,,,,,,,,,,,,,,,,,,,,,,,,,,,,,,,,,,,,,,,,,,,,,
10,11,us,Apple,11,Check Your Service and Support Coverage - Apple Support,"Check your Apple warranty status. Enter a serial number to review your eligibility 
for support and extended coverage.",checkcoverage.apple.com,https://checkcoverage.apple.com/,2020-12-29 11:59:16.228740+00:00,3690000000,7V8SM38rhaoJ,10,Holisticseo.digital,7b8760de16d1e86bc,0.48,"3,690,000,000",https://checkcoverage.apple.com/,https://checkcoverage.<b>apple</b>.com/,"Check your <b>Apple</b> warranty status. Enter a serial number to review your eligibility <br>
for support and extended coverage.",Check Your Service and Support Coverage - <b>Apple</b> Support,utf8,customsearch#result,utf8,"{'metatags': [{'omni_page': 'acs::tools::wck::1-enter serial number', 'apple-itunes-app': 'app-id=1130498044,affiliate-data=ct=support.coverage&pt=2003,app-clip-bundle-id=com.apple.supportapp.Clip', 'ac-gn-search-action': 'https://support.apple.com/kb/index', 'viewport': 'width=device-width, initial-scale=1', 'ac-gn-store-key': 'S2A49YFKJF2JAT22K', 'ac-gn-search-field[src]': 'globalnav_support', 'ac-gn-search-field[type]': 'organic', 'ac-gn-search-field[locale]': 'en_US', 'ac-gn-search-field[page]': 'search', 'ac-gn-search-input': 'q'}]}",off,0.48276,11,,"[{'omni_page': 'acs::tools::wck::1-enter serial number', 'apple-itunes-app': 'app-id=1130498044,affiliate-data=ct=support.coverage&pt=2003,app-clip-bundle-id=com.apple.supportapp.Clip', 'ac-gn-search-action': 'https://support.apple.com/kb/index', 'viewport': 'width=device-width, initial-scale=1', 'ac-gn-store-key': 'S2A49YFKJF2JAT22K', 'ac-gn-search-field[src]': 'globalnav_support', 'ac-gn-search-field[type]': 'organic', 'ac-gn-search-field[locale]': 'en_US', 'ac-gn-search-field[page]': 'search', 'ac-gn-search-input': 'q'}]",,,,,,,,,,,,,S2A49YFKJF2JAT22K,,,"width=device-width, initial-scale=1",,,,,"app-id=1130498044,affiliate-data=ct=support.coverage&pt=2003,app-clip-bundle-id=com.apple.supportapp.Clip",,en_US,q,,https://support.apple.com/kb/index,,globalnav_support,organic,,,search,,,,,,acs::tools::wck::1-enter serial number,,,,,,,,,,,,,,,,,,,,,,,,,,,,,,,,,,,,,,,,,,,,,,,,,,,,,,,,,,,,,,,,,,,,,,,,,,,,,
11,11,us,Apple,12,Deregister and Turn Off iMessage - Apple Support,"You may need to turn off iMessage if you are now using a non-Apple phone and 
can't get SMS or text messages someone sends you from an iPhone.",selfsolve.apple.com,https://selfsolve.apple.com/deregister-imessage/,2020-12-29 11:59:16.228740+00:00,3690000000,4mFQ4pBW1QYJ,10,Holisticseo.digital,7b8760de16d1e86bc,0.48,"3,690,000,000",https://selfsolve.apple.com/deregister-imessage/,https://selfsolve.<b>apple</b>.com/deregister-imessage/,"You may need to turn off iMessage if you are now using a non-<b>Apple</b> phone and <br>
can&#39;t get SMS or text messages someone sends you from an iPhone.",Deregister and Turn Off iMessage - <b>Apple</b> Support,utf8,customsearch#result,utf8,"{'cse_thumbnail': [{'src': 'https://encrypted-tbn3.gstatic.com/images?q=tbn:ANd9GcQv9GmyJRQ5nCJQJdhJ1q6ReE7XTEIZbyDLPuOyuqKR553T43wXFiHedfCu', 'width': '214', 'height': '236'}], 'metatags': [{'ac-gn-search-action': 'https://support.apple.com/kb/index', 'viewport': 'width=device-width, initial-scale=1', 'ac-gn-store-key': 'S2A49YFKJF2JAT22K', 'ac-gn-search-field[src]': 'globalnav_support', 'ac-gn-search-field[type]': 'organic', 'ac-gn-search-field[locale]': 'en_US', 'ac-gn-search-field[page]': 'search', 'ac-gn-search-input': 'q'}], 'cse_image': [{'src': 'https://selfsolve.apple.com/deregister-imessage/dist/images/iphone6-message-settings.jpg'}]}",off,0.48276,11,"[{'src': 'https://encrypted-tbn3.gstatic.com/images?q=tbn:ANd9GcQv9GmyJRQ5nCJQJdhJ1q6ReE7XTEIZbyDLPuOyuqKR553T43wXFiHedfCu', 'width': '214', 'height': '236'}]","[{'ac-gn-search-action': 'https://support.apple.com/kb/index', 'viewport': 'width=device-width, initial-scale=1', 'ac-gn-store-key': 'S2A49YFKJF2JAT22K', 'ac-gn-search-field[src]': 'globalnav_support', 'ac-gn-search-field[type]': 'organic', 'ac-gn-search-field[locale]': 'en_US', 'ac-gn-search-field[page]': 'search', 'ac-gn-search-input': 'q'}]",[{'src': 'https://selfsolve.apple.com/deregister-imessage/dist/images/iphone6-message-settings.jpg'}],,,,,,,,,,,,S2A49YFKJF2JAT22K,,,"width=device-width, initial-scale=1",,,,,,,en_US,q,,https://support.apple.com/kb/index,,globalnav_support,organic,,,search,,,,,,,,,,,,,,,,,,,,,,,,,,,,,,,,,,,,,,,,,,,,,,,,,,,,,,,,,,,,,,,,,,,,,,,,,,,,,,,,,,,
12,11,us,Apple,13,‎ZOOM Cloud Meetings on the App Store,"6 days ago ... Maybe it is due to Apple, Inc just upgrade my ipad that cause some glitch. I don't 
know for sure. It just happen today, in the past it went fine.",apps.apple.com,https://apps.apple.com/us/app/zoom-cloud-meetings/id546505307,2020-12-29 11:59:16.228740+00:00,3690000000,jkfUJ5uvgM8J,10,Holisticseo.digital,7b8760de16d1e86bc,0.48,"3,690,000,000",https://apps.apple.com/us/app/zoom-cloud-meetings/id546505307,https://apps.<b>apple</b>.com/us/app/zoom-cloud-meetings/id546505307,"6 days ago <b>...</b> Maybe it is due to <b>Apple</b>, Inc just upgrade my ipad that cause some glitch. I don&#39;t <br>
know for sure. It just happen today, in the past it went fine.",‎ZOOM Cloud Meetings on the App Store,utf8,customsearch#result,utf8,"{'cse_thumbnail': [{'src': 'https://encrypted-tbn3.gstatic.com/images?q=tbn:ANd9GcRjkqFzgeJUWsFCA1lrf8bqZu6d_RBhjXzejx_Mw7MPGBe0Pr-n9h_xNl0', 'width': '310', 'height': '163'}], 'metatags': [{'og:image': 'https://is3-ssl.mzstatic.com/image/thumb/Purple114/v4/0a/60/89/0a60891f-f2db-c309-d897-4f6a24f06102/AppIcon-0-0-1x_U007emarketing-0-0-0-9-0-85-220.png/1200x630wa.png', 'apple-itunes-app': 'app-id=375380948, app-argument=https://apps.apple.com/us/app/zoom-cloud-meetings/id546505307', 'og:image:width': '1200', 'twitter:card': 'summary_large_image', 'og:site_name': 'App Store', 'applicable-device': 'pc,mobile', 'og:image:type': 'image/png', 'og:description': '\u200eZoom is #1 in customer satisfaction and the best unified communication experience on mobile.\n\nIt\'s super easy! Install the free Zoom app, click on ""New Meeting,"" and invite up to 100 people to join you on video! Connect with anyone on iPad, iPhone, other mobile devices, Windows, Mac, Zoom Rooms, H.3…', 'og:image:secure_url': 'https://is3-ssl.mzstatic.com/image/thumb/Purple114/v4/0a/60/89/0a60891f-f2db-c309-d897-4f6a24f06102/AppIcon-0-0-1x_U007emarketing-0-0-0-9-0-85-220.png/1200x630wa.png', 'twitter:image': 'https://is3-ssl.mzstatic.com/image/thumb/Purple114/v4/0a/60/89/0a60891f-f2db-c309-d897-4f6a24f06102/AppIcon-0-0-1x_U007emarketing-0-0-0-9-0-85-220.png/600x600wa.png', 'web-experience-app/config/environment': ""%7B%22appVersion%22%3A1%2C%22modulePrefix%22%3A%22web-experience-app%22%2C%22environment%22%3A%22production%22%2C%22rootURL%22%3A%22%2F%22%2C%22locationType%22%3A%22history-hash-router-scroll%22%2C%22historySupportMiddleware%22%3Atrue%2C%22contentSecurityPolicyMeta%22%3Atrue%2C%22contentSecurityPolicy%22%3A%7B%22default-src%22%3A%5B%22'none'%22%5D%2C%22img-src%22%3A%5B%22'self'%22%2C%22http%3A%2F%2F*.mzstatic.com%22%2C%22*.mzstatic.com%22%2C%22*.apple.com%22%2C%22*.googleusercontent.com%22%2C%22data%3A%22%5D%2C%22style-src%22%3A%5B%22'self'%22%2C%22'unsafe-inline'%22%2C%22*.apple.com%22%5D%2C%22font-src%22%3A%5B%22'self'%22%2C%22http%3A%2F%2F*.apple.com%22%2C%22https%3A%2F%2F*.apple.com%22%5D%2C%22media-src%22%3A%5B%22'self'%22%2C%22blob%3A%22%2C%22http%3A%2F%2F*%22%2C%22https%3A%2F%2F*%22%5D%2C%22connect-src%22%3A%5B%22'self'%22%2C%22*.apple.com%22%2C%22https%3A%2F%2F*.mzstatic.com%22%2C%22*.mzstatic.com%22%5D%2C%22script-src%22%3A%5B%22'self'%22%2C%22'unsafe-inline'%22%2C%22'unsafe-eval'%22%2C%22*.apple.com"", 'twitter:image:alt': 'ZOOM Cloud Meetings on the App\xa0Store', 'twitter:site': '@AppStore', 'og:image:alt': 'ZOOM Cloud Meetings on the App\xa0Store', 'og:type': 'website', 'twitter:title': '\u200eZOOM Cloud Meetings', 'twitter:domain': 'AppStore', 'og:title': '\u200eZOOM Cloud Meetings', 'og:image:height': '630', 'version': '2052.21.0', 'fb:app_id': '116556461780510', 'viewport': 'width=device-width, initial-scale=1, viewport-fit=cover', 'twitter:description': '\u200eZoom is #1 in customer satisfaction and the best unified communication experience on mobile.\n\nIt\'s super easy! Install the free Zoom app, click on ""New Meeting,"" and invite up to 100 people to join you on video! Connect with anyone on iPad, iPhone, other mobile devices, Windows, Mac, Zoom Rooms, H.3…', 'og:locale': 'en_US', 'og:url': 'https://apps.apple.com/us/app/zoom-cloud-meetings/id546505307', 'apple:content_id': '546505307'}], 'cse_image': [{'src': 'https://is3-ssl.mzstatic.com/image/thumb/Purple114/v4/0a/60/89/0a60891f-f2db-c309-d897-4f6a24f06102/AppIcon-0-0-1x_U007emarketing-0-0-0-9-0-85-220.png/1200x630wa.png'}]}",off,0.48276,11,"[{'src': 'https://encrypted-tbn3.gstatic.com/images?q=tbn:ANd9GcRjkqFzgeJUWsFCA1lrf8bqZu6d_RBhjXzejx_Mw7MPGBe0Pr-n9h_xNl0', 'width': '310', 'height': '163'}]","[{'og:image': 'https://is3-ssl.mzstatic.com/image/thumb/Purple114/v4/0a/60/89/0a60891f-f2db-c309-d897-4f6a24f06102/AppIcon-0-0-1x_U007emarketing-0-0-0-9-0-85-220.png/1200x630wa.png', 'apple-itunes-app': 'app-id=375380948, app-argument=https://apps.apple.com/us/app/zoom-cloud-meetings/id546505307', 'og:image:width': '1200', 'twitter:card': 'summary_large_image', 'og:site_name': 'App Store', 'applicable-device': 'pc,mobile', 'og:image:type': 'image/png', 'og:description': '\u200eZoom is #1 in customer satisfaction and the best unified communication experience on mobile.\n\nIt\'s super easy! Install the free Zoom app, click on ""New Meeting,"" and invite up to 100 people to join you on video! Connect with anyone on iPad, iPhone, other mobile devices, Windows, Mac, Zoom Rooms, H.3…', 'og:image:secure_url': 'https://is3-ssl.mzstatic.com/image/thumb/Purple114/v4/0a/60/89/0a60891f-f2db-c309-d897-4f6a24f06102/AppIcon-0-0-1x_U007emarketing-0-0-0-9-0-85-220.png/1200x630wa.png', 'twitter:image': 'https://is3-ssl.mzstatic.com/image/thumb/Purple114/v4/0a/60/89/0a60891f-f2db-c309-d897-4f6a24f06102/AppIcon-0-0-1x_U007emarketing-0-0-0-9-0-85-220.png/600x600wa.png', 'web-experience-app/config/environment': ""%7B%22appVersion%22%3A1%2C%22modulePrefix%22%3A%22web-experience-app%22%2C%22environment%22%3A%22production%22%2C%22rootURL%22%3A%22%2F%22%2C%22locationType%22%3A%22history-hash-router-scroll%22%2C%22historySupportMiddleware%22%3Atrue%2C%22contentSecurityPolicyMeta%22%3Atrue%2C%22contentSecurityPolicy%22%3A%7B%22default-src%22%3A%5B%22'none'%22%5D%2C%22img-src%22%3A%5B%22'self'%22%2C%22http%3A%2F%2F*.mzstatic.com%22%2C%22*.mzstatic.com%22%2C%22*.apple.com%22%2C%22*.googleusercontent.com%22%2C%22data%3A%22%5D%2C%22style-src%22%3A%5B%22'self'%22%2C%22'unsafe-inline'%22%2C%22*.apple.com%22%5D%2C%22font-src%22%3A%5B%22'self'%22%2C%22http%3A%2F%2F*.apple.com%22%2C%22https%3A%2F%2F*.apple.com%22%5D%2C%22media-src%22%3A%5B%22'self'%22%2C%22blob%3A%22%2C%22http%3A%2F%2F*%22%2C%22https%3A%2F%2F*%22%5D%2C%22connect-src%22%3A%5B%22'self'%22%2C%22*.apple.com%22%2C%22https%3A%2F%2F*.mzstatic.com%22%2C%22*.mzstatic.com%22%5D%2C%22script-src%22%3A%5B%22'self'%22%2C%22'unsafe-inline'%22%2C%22'unsafe-eval'%22%2C%22*.apple.com"", 'twitter:image:alt': 'ZOOM Cloud Meetings on the App\xa0Store', 'twitter:site': '@AppStore', 'og:image:alt': 'ZOOM Cloud Meetings on the App\xa0Store', 'og:type': 'website', 'twitter:title': '\u200eZOOM Cloud Meetings', 'twitter:domain': 'AppStore', 'og:title': '\u200eZOOM Cloud Meetings', 'og:image:height': '630', 'version': '2052.21.0', 'fb:app_id': '116556461780510', 'viewport': 'width=device-width, initial-scale=1, viewport-fit=cover', 'twitter:description': '\u200eZoom is #1 in customer satisfaction and the best unified communication experience on mobile.\n\nIt\'s super easy! Install the free Zoom app, click on ""New Meeting,"" and invite up to 100 people to join you on video! Connect with anyone on iPad, iPhone, other mobile devices, Windows, Mac, Zoom Rooms, H.3…', 'og:locale': 'en_US', 'og:url': 'https://apps.apple.com/us/app/zoom-cloud-meetings/id546505307', 'apple:content_id': '546505307'}]",[{'src': 'https://is3-ssl.mzstatic.com/image/thumb/Purple114/v4/0a/60/89/0a60891f-f2db-c309-d897-4f6a24f06102/AppIcon-0-0-1x_U007emarketing-0-0-0-9-0-85-220.png/1200x630wa.png'}],,,,,,,,https://is3-ssl.mzstatic.com/image/thumb/Purple114/v4/0a/60/89/0a60891f-f2db-c309-d897-4f6a24f06102/AppIcon-0-0-1x_U007emarketing-0-0-0-9-0-85-220.png/1200x630wa.png,website,App Store,‎ZOOM Cloud Meetings,,"‎Zoom is #1 in customer satisfaction and the best unified communication experience on mobile.

It's super easy! Install the free Zoom app, click on ""New Meeting,"" and invite up to 100 people to join you on video! Connect with anyone on iPad, iPhone, other mobile devices, Windows, Mac, Zoom Rooms, H.3…",,"width=device-width, initial-scale=1, viewport-fit=cover",en_US,https://apps.apple.com/us/app/zoom-cloud-meetings/id546505307,,,"app-id=375380948, app-argument=https://apps.apple.com/us/app/zoom-cloud-meetings/id546505307",,,,,,,,,,,,summary_large_image,,,,@AppStore,,‎ZOOM Cloud Meetings,,,https://is3-ssl.mzstatic.com/image/thumb/Purple114/v4/0a/60/89/0a60891f-f2db-c309-d897-4f6a24f06102/AppIcon-0-0-1x_U007emarketing-0-0-0-9-0-85-220.png/600x600wa.png,"‎Zoom is #1 in customer satisfaction and the best unified communication experience on mobile.

It's super easy! Install the free Zoom app, click on ""New Meeting,"" and invite up to 100 people to join you on video! Connect with anyone on iPad, iPhone, other mobile devices, Windows, Mac, Zoom Rooms, H.3…",,,,1200,"pc,mobile",image/png,https://is3-ssl.mzstatic.com/image/thumb/Purple114/v4/0a/60/89/0a60891f-f2db-c309-d897-4f6a24f06102/AppIcon-0-0-1x_U007emarketing-0-0-0-9-0-85-220.png/1200x630wa.png,%7B%22appVersion%22%3A1%2C%22modulePrefix%22%3A%22web-experience-app%22%2C%22environment%22%3A%22production%22%2C%22rootURL%22%3A%22%2F%22%2C%22locationType%22%3A%22history-hash-router-scroll%22%2C%22historySupportMiddleware%22%3Atrue%2C%22contentSecurityPolicyMeta%22%3Atrue%2C%22contentSecurityPolicy%22%3A%7B%22default-src%22%3A%5B%22'none'%22%5D%2C%22img-src%22%3A%5B%22'self'%22%2C%22http%3A%2F%2F*.mzstatic.com%22%2C%22*.mzstatic.com%22%2C%22*.apple.com%22%2C%22*.googleusercontent.com%22%2C%22data%3A%22%5D%2C%22style-src%22%3A%5B%22'self'%22%2C%22'unsafe-inline'%22%2C%22*.apple.com%22%5D%2C%22font-src%22%3A%5B%22'self'%22%2C%22http%3A%2F%2F*.apple.com%22%2C%22https%3A%2F%2F*.apple.com%22%5D%2C%22media-src%22%3A%5B%22'self'%22%2C%22blob%3A%22%2C%22http%3A%2F%2F*%22%2C%22https%3A%2F%2F*%22%5D%2C%22connect-src%22%3A%5B%22'self'%22%2C%22*.apple.com%22%2C%22https%3A%2F%2F*.mzstatic.com%22%2C%22*.mzstatic.com%22%5D%2C%22script-src%22%3A%5B%22'self'%22%2C%22'unsafe-inline'%22%2C%22'unsafe-eval'%22%2C%22*.apple.com,ZOOM Cloud Meetings on the App Store,ZOOM Cloud Meetings on the App Store,AppStore,630,2052.21.0,116556461780510,546505307,,,,,,,,,,,,,,,,,,,,,,,,,,,,,,,,,,,,,,,,,,,,,,,,,,,,,,,,,
13,11,us,Apple,14,Apple iCloud Calendar,"Sign in to iCloud to access your photos, videos, documents, notes, contacts, and 
more. Use your Apple ID or create a new account to start using Apple services.",www.icloud.com,https://www.icloud.com/calendar,2020-12-29 11:59:16.228740+00:00,3690000000,1x3woy9QAj4J,10,Holisticseo.digital,7b8760de16d1e86bc,0.48,"3,690,000,000",https://www.icloud.com/calendar,https://www.icloud.com/calendar,"Sign in to iCloud to access your photos, videos, documents, notes, contacts, and <br>
more. Use your <b>Apple</b> ID or create a new account to start using <b>Apple</b> services.",<b>Apple</b> iCloud Calendar,utf8,customsearch#result,utf8,"{'cse_thumbnail': [{'src': 'https://encrypted-tbn3.gstatic.com/images?q=tbn:ANd9GcQKaKXIAxhKiAy7OPLqATdPMrG9bPJGNmR3zsMj6HQ7B_taak04BpCnSfdA', 'width': '224', 'height': '224'}], 'metatags': [{'og:image': 'https://www.icloud.com/icloud_logo/icloud_logo.png', 'apple-mobile-web-app-status-bar-style': 'default', 'viewport': 'width=device-width, initial-scale=1, viewport-fit=cover', 'apple-mobile-web-app-capable': 'yes', 'og:title': 'iCloud.com', 'google': 'notranslate'}], 'cse_image': [{'src': 'https://www.icloud.com/icloud_logo/icloud_logo.png'}]}",off,0.48276,11,"[{'src': 'https://encrypted-tbn3.gstatic.com/images?q=tbn:ANd9GcQKaKXIAxhKiAy7OPLqATdPMrG9bPJGNmR3zsMj6HQ7B_taak04BpCnSfdA', 'width': '224', 'height': '224'}]","[{'og:image': 'https://www.icloud.com/icloud_logo/icloud_logo.png', 'apple-mobile-web-app-status-bar-style': 'default', 'viewport': 'width=device-width, initial-scale=1, viewport-fit=cover', 'apple-mobile-web-app-capable': 'yes', 'og:title': 'iCloud.com', 'google': 'notranslate'}]",[{'src': 'https://www.icloud.com/icloud_logo/icloud_logo.png'}],,,,,,,,https://www.icloud.com/icloud_logo/icloud_logo.png,,,iCloud.com,,,,"width=device-width, initial-scale=1, viewport-fit=cover",,,,,,,,,,,,,,,,,,,,,,,,,,,,,,,,,,,,,,,,,,,default,yes,notranslate,,,,,,,,,,,,,,,,,,,,,,,,,,,,,,,,,,,,,,,,,,,,,,,,,,,,,,
14,11,us,Apple,15,iTunes Connect,"Welcome to the Apple Developer Program. Manage your content on the iTunes 
Store and Apple Books. Learn more about iTunes Connect. OK. Apple.com.",itunesconnect.apple.com,https://itunesconnect.apple.com/,2020-12-29 11:59:16.228740+00:00,3690000000,hhN37qrLUgcJ,10,Holisticseo.digital,7b8760de16d1e86bc,0.48,"3,690,000,000",https://itunesconnect.apple.com/,https://itunesconnect.<b>apple</b>.com/,"Welcome to the <b>Apple</b> Developer Program. Manage your content on the iTunes <br>
Store and <b>Apple</b> Books. Learn more about iTunes Connect. OK. <b>Apple</b>.com.",iTunes Connect,utf8,customsearch#result,utf8,"{'metatags': [{'viewport': 'width=device-width, initial-scale=1'}]}",off,0.48276,11,,"[{'viewport': 'width=device-width, initial-scale=1'}]",,,,,,,,,,,,,,,,"width=device-width, initial-scale=1",,,,,,,,,,,,,,,,,,,,,,,,,,,,,,,,,,,,,,,,,,,,,,,,,,,,,,,,,,,,,,,,,,,,,,,,,,,,,,,,,,,,,,,,,,,,,,,,,,,
15,11,us,Apple,16,App Store Connect,"Welcome to the Apple Developer Program. OK. Apple.com. Copyright © 2020 
Apple Inc. All rights reserved. Terms of Service · Privacy Policy · Contact Us. 
Done.",appstoreconnect.apple.com,https://appstoreconnect.apple.com/,2020-12-29 11:59:16.228740+00:00,3690000000,jqc_X5FogTAJ,10,Holisticseo.digital,7b8760de16d1e86bc,0.48,"3,690,000,000",https://appstoreconnect.apple.com/,https://appstoreconnect.<b>apple</b>.com/,"Welcome to the <b>Apple</b> Developer Program. OK. <b>Apple</b>.com. Copyright © 2020 <br>
<b>Apple</b> Inc. All rights reserved. Terms of Service &middot; Privacy Policy &middot; Contact Us. <br>
Done.",App Store Connect,utf8,customsearch#result,utf8,"{'metatags': [{'apple-itunes-app': 'app-id=1234793120, affiliate-data=ct=ascweblogin&pt=2003', 'viewport': 'width=device-width, initial-scale=1'}]}",off,0.48276,11,,"[{'apple-itunes-app': 'app-id=1234793120, affiliate-data=ct=ascweblogin&pt=2003', 'viewport': 'width=device-width, initial-scale=1'}]",,,,,,,,,,,,,,,,"width=device-width, initial-scale=1",,,,,"app-id=1234793120, affiliate-data=ct=ascweblogin&pt=2003",,,,,,,,,,,,,,,,,,,,,,,,,,,,,,,,,,,,,,,,,,,,,,,,,,,,,,,,,,,,,,,,,,,,,,,,,,,,,,,,,,,,,,,,,,,,,,
16,11,us,Apple,17,Exclusive: Apple targets car production by 2024 and eyes 'next level ...,"Dec 21, 2020 ... Apple Inc is moving forward with self-driving car technology and is targeting 2024 
to produce a passenger vehicle that could include its own ...",www.reuters.com,https://www.reuters.com/article/us-apple-autos-exclusive/exclusive-apple-targets-car-production-by-2024-and-eyes-next-level-battery-technology-sources-idUSKBN28V2PY,2020-12-29 11:59:16.228740+00:00,3690000000,5vTpmnloHu4J,10,Holisticseo.digital,7b8760de16d1e86bc,0.48,"3,690,000,000",https://www.reuters.com/...apple.../exclusive-apple-targets-car-production-by- 2024-and-eyes-next-level-battery-technology-sources-idUSKBN28V2PY,https://www.reuters.com/...<b>apple</b>.../exclusive-<b>apple</b>-targets-car-production-by- 2024-and-eyes-next-level-battery-technology-sources-idUSKBN28V2PY,"Dec 21, 2020 <b>...</b> <b>Apple</b> Inc is moving forward with self-driving car technology and is targeting 2024 <br>
to produce a passenger vehicle that could include its own&nbsp;...",Exclusive: <b>Apple</b> targets car production by 2024 and eyes &#39;next level ...,utf8,customsearch#result,utf8,"{'cse_thumbnail': [{'src': 'https://encrypted-tbn3.gstatic.com/images?q=tbn:ANd9GcSTeLA2VkIXPZ1uz2M-yJzOo_xbfyY2JuJWz_4_SJ2Cp4JjRydZ5TU6aeUJ', 'width': '275', 'height': '183'}], 'metatags': [{'og:image': 'https://static.reuters.com/resources/r/?m=02&d=20201222&t=2&i=1545461268&r=LYNXMPEGBK1HR&w=800', 'twitter:card': 'summary_large_image', 'og:site_name': 'U.S.', 'og:article:modified_time': '2020-12-22T17:23:36Z', 'analyticsattributes.topicchannel': 'Business', 'analyticsattributes.backendchannellist': 'newsOne;businessNews;technologyNews;gc08;BigStory12;charged;autos-news;autos-top;US-The-Wire;digital-future;consolidated-business;faang-tesla;nec-retail;change-suite;companies-mtal;everythingNews;companies-auto;autos-upclose;auto-code;USWire_EL;companies-semi;companies-swit', 'twitter:creator': '@Reuters', 'og:description': 'Apple Inc is moving forward with self-driving car technology and is targeting 2024 to produce a passenger vehicle that could include its own breakthrough battery technology, people familiar with the matter told Reuters.', 'article:publisher': 'https://www.facebook.com/Reuters', 'revision_date': '2020-12-22T17:23:36Z', 'og:article:section': 'Change Suite', 'analyticsattributes.articledate': '2020-12-22T17:23:36Z', 'dcsext.dartzone': 'reuters.com/business/changesuite/article', 'author': 'Stephen Nellis, Norihiko Shirouzu, Paul Lienert', 'analyticsattributes.keywords': 'US,APPLE,AUTOS,EXCLUSIVE,Automobiles / Auto Parts (Legacy),Automotive Batteries (TRBC level 5),Automobiles & Auto Parts (TRBC level 3),Auto & Truck Manufacturers (TRBC level 4),Company News,Products / Services,Electrical (Alternative) Vehicles (TRBC level 5),Enterprise Reporting,Exclusive,Lithium,Pictures,Major News,Phones & Smart Phones (TRBC level 5),Picture Available,Computer & Electronics Retailers (TRBC level 4),Software (TRBC level 4),Software & IT Services (TRBC level 3),Technology Equipment (TRBC level 2),Reuters Top News,United States', 'og:article:published_time': '2020-12-21T20:41:18Z', 'og:article:tag': 'US,APPLE,AUTOS,EXCLUSIVE,Automobiles / Auto Parts (Legacy),Automotive Batteries (TRBC level 5),Automobiles & Auto Parts (TRBC level 3),Auto & Truck Manufacturers (TRBC level 4),Company News,Products / Services,Electrical (Alternative) Vehicles (TRBC level 5),Enterprise Reporting,Exclusive,Lithium,Pictures,Major News,Phones & Smart Phones (TRBC level 5),Picture Available,Computer & Electronics Retailers (TRBC level 4),Software (TRBC level 4),Software & IT Services (TRBC level 3),Technology Equipment (TRBC level 2),Reuters Top News,United States', 'twitter:image:src': 'https://static.reuters.com/resources/r/?m=02&d=20201222&t=2&i=1545461268&r=LYNXMPEGBK1HR&w=800', 'analyticsattributes.topicsubchannel': 'Change Suite', 'analyticsattributes.edition': 'us', 'og:locale': 'en_US', 'analyticsattributes.contenttype': 'Article', 'sailthru.image.full': 'https://static.reuters.com/resources/r/?m=02&d=20201222&t=2&i=1545461268&r=LYNXMPEGBK1HR&w=800', 'sailthru.author': 'Stephen Nellis, Norihiko Shirouzu, Paul Lienert', 'msapplication-config': 'none', 'analyticsattributes.title': ""Exclusive: Apple targets car production by 2024 and eyes 'next level' battery technology - sources"", 'theme-color': '#ffffff', 'analyticsattributes.topicn2codes': 'AUT,AUTBAT,AUTO,CARM,CMPNY,CPROD,ELEAV,EREP,EXCLSV,LITH,MTPIX,NEWS1,PHONES,PXP,RETE,SOFW,SWIT,TEEQ,TOPNWS,US', 'twitter:image': 'https://static.reuters.com/resources/r/?m=02&d=20201222&t=2&i=1545461268&r=LYNXMPEGBK1HR&w=800', 'twitter:site': '@Reuters', 'news_keywords': 'US;APPLE;AUTOS;EXCLUSIVE;Automobiles / Auto Parts (Legacy);Automotive Batteries (TRBC level 5);Automobiles & Auto Parts (TRBC level 3);Auto & Truck Manufacturers (TRBC level 4);Company News;Products / Services;Electrical (Alternative) Vehicles (TRBC level 5);Enterprise Reporting;Exclusive;Lithium;Pictures;Major News;Phones & Smart Phones (TRBC level 5);Picture Available;Computer & Electronics Retailers (TRBC level 4);Software (TRBC level 4);Software & IT Services (TRBC level 3);Technology Equipment (TRBC level 2);Reuters Top News;United States', 'sailthru.title': ""Exclusive: Apple targets car production by 2024 and eyes 'next level' battery technology - sources"", 'analyticsattributes.contenttitle': ""Exclusive: Apple targets car production by 2024 and eyes 'next level' battery technology - sources"", 'analyticsattributes.canonicalurl': 'https://www.reuters.com/article/us-apple-autos-exclusive-idUSKBN28V2PY', 'analyticsattributes.channel': 'News', 'og:article:author': 'Stephen Nellis, Norihiko Shirouzu, Paul Lienert', 'msapplication-tilecolor': '#ff8000', 'sailthru.date': '2020-12-22T17:23:36Z', 'og:type': 'article', 'twitter:title': ""Exclusive: Apple targets car production by 2024 and eyes 'next level' battery technology - sources"", 'og:title': ""Exclusive: Apple targets car production by 2024 and eyes 'next level' battery technology - sources"", 'analyticsattributes.inlinetype': 'Image-Video', 'analyticsattributes.keywordslug': 'US-APPLE-AUTOS-EXCLUSIVE', 'analyticsattributes.author': 'Stephen Nellis, Norihiko Shirouzu, Paul Lienert', 'analyticsattributes.contentchannel': 'Business - Change Suite', 'sailthru.description': 'Apple Inc is moving forward with self-driving car technology and is targeting 2024 to produce a passenger vehicle that could include its own breakthrough battery technology, people familiar with the matter told Reuters.', 'viewport': 'width=device-width', 'twitter:description': 'Apple Inc is moving forward with self-driving car technology and is targeting 2024 to produce a passenger vehicle that could include its own breakthrough battery technology, people familiar with the matter told Reuters.', 'analyticsattributes.topicn2names': 'Automobiles / Auto Parts (Legacy),Automotive Batteries (TRBC level 5),Automobiles & Auto Parts (TRBC level 3),Auto & Truck Manufacturers (TRBC level 4),Company News,Products / Services,Electrical (Alternative) Vehicles (TRBC level 5),Enterprise Reporting,Exclusive,Lithium,Pictures,Major News,Phones & Smart Phones (TRBC level 5),Picture Available,Computer & Electronics Retailers (TRBC level 4),Software (TRBC level 4),Software & IT Services (TRBC level 3),Technology Equipment (TRBC level 2),Reuters Top News,United States', 'og:url': 'https://www.reuters.com/article/us-apple-autos-exclusive-idUSKBN28V2PY'}], 'cse_image': [{'src': 'https://static.reuters.com/resources/r/?m=02&d=20201222&t=2&i=1545461268&r=LYNXMPEGBK1HR&w=800'}]}",off,0.48276,11,"[{'src': 'https://encrypted-tbn3.gstatic.com/images?q=tbn:ANd9GcSTeLA2VkIXPZ1uz2M-yJzOo_xbfyY2JuJWz_4_SJ2Cp4JjRydZ5TU6aeUJ', 'width': '275', 'height': '183'}]","[{'og:image': 'https://static.reuters.com/resources/r/?m=02&d=20201222&t=2&i=1545461268&r=LYNXMPEGBK1HR&w=800', 'twitter:card': 'summary_large_image', 'og:site_name': 'U.S.', 'og:article:modified_time': '2020-12-22T17:23:36Z', 'analyticsattributes.topicchannel': 'Business', 'analyticsattributes.backendchannellist': 'newsOne;businessNews;technologyNews;gc08;BigStory12;charged;autos-news;autos-top;US-The-Wire;digital-future;consolidated-business;faang-tesla;nec-retail;change-suite;companies-mtal;everythingNews;companies-auto;autos-upclose;auto-code;USWire_EL;companies-semi;companies-swit', 'twitter:creator': '@Reuters', 'og:description': 'Apple Inc is moving forward with self-driving car technology and is targeting 2024 to produce a passenger vehicle that could include its own breakthrough battery technology, people familiar with the matter told Reuters.', 'article:publisher': 'https://www.facebook.com/Reuters', 'revision_date': '2020-12-22T17:23:36Z', 'og:article:section': 'Change Suite', 'analyticsattributes.articledate': '2020-12-22T17:23:36Z', 'dcsext.dartzone': 'reuters.com/business/changesuite/article', 'author': 'Stephen Nellis, Norihiko Shirouzu, Paul Lienert', 'analyticsattributes.keywords': 'US,APPLE,AUTOS,EXCLUSIVE,Automobiles / Auto Parts (Legacy),Automotive Batteries (TRBC level 5),Automobiles & Auto Parts (TRBC level 3),Auto & Truck Manufacturers (TRBC level 4),Company News,Products / Services,Electrical (Alternative) Vehicles (TRBC level 5),Enterprise Reporting,Exclusive,Lithium,Pictures,Major News,Phones & Smart Phones (TRBC level 5),Picture Available,Computer & Electronics Retailers (TRBC level 4),Software (TRBC level 4),Software & IT Services (TRBC level 3),Technology Equipment (TRBC level 2),Reuters Top News,United States', 'og:article:published_time': '2020-12-21T20:41:18Z', 'og:article:tag': 'US,APPLE,AUTOS,EXCLUSIVE,Automobiles / Auto Parts (Legacy),Automotive Batteries (TRBC level 5),Automobiles & Auto Parts (TRBC level 3),Auto & Truck Manufacturers (TRBC level 4),Company News,Products / Services,Electrical (Alternative) Vehicles (TRBC level 5),Enterprise Reporting,Exclusive,Lithium,Pictures,Major News,Phones & Smart Phones (TRBC level 5),Picture Available,Computer & Electronics Retailers (TRBC level 4),Software (TRBC level 4),Software & IT Services (TRBC level 3),Technology Equipment (TRBC level 2),Reuters Top News,United States', 'twitter:image:src': 'https://static.reuters.com/resources/r/?m=02&d=20201222&t=2&i=1545461268&r=LYNXMPEGBK1HR&w=800', 'analyticsattributes.topicsubchannel': 'Change Suite', 'analyticsattributes.edition': 'us', 'og:locale': 'en_US', 'analyticsattributes.contenttype': 'Article', 'sailthru.image.full': 'https://static.reuters.com/resources/r/?m=02&d=20201222&t=2&i=1545461268&r=LYNXMPEGBK1HR&w=800', 'sailthru.author': 'Stephen Nellis, Norihiko Shirouzu, Paul Lienert', 'msapplication-config': 'none', 'analyticsattributes.title': ""Exclusive: Apple targets car production by 2024 and eyes 'next level' battery technology - sources"", 'theme-color': '#ffffff', 'analyticsattributes.topicn2codes': 'AUT,AUTBAT,AUTO,CARM,CMPNY,CPROD,ELEAV,EREP,EXCLSV,LITH,MTPIX,NEWS1,PHONES,PXP,RETE,SOFW,SWIT,TEEQ,TOPNWS,US', 'twitter:image': 'https://static.reuters.com/resources/r/?m=02&d=20201222&t=2&i=1545461268&r=LYNXMPEGBK1HR&w=800', 'twitter:site': '@Reuters', 'news_keywords': 'US;APPLE;AUTOS;EXCLUSIVE;Automobiles / Auto Parts (Legacy);Automotive Batteries (TRBC level 5);Automobiles & Auto Parts (TRBC level 3);Auto & Truck Manufacturers (TRBC level 4);Company News;Products / Services;Electrical (Alternative) Vehicles (TRBC level 5);Enterprise Reporting;Exclusive;Lithium;Pictures;Major News;Phones & Smart Phones (TRBC level 5);Picture Available;Computer & Electronics Retailers (TRBC level 4);Software (TRBC level 4);Software & IT Services (TRBC level 3);Technology Equipment (TRBC level 2);Reuters Top News;United States', 'sailthru.title': ""Exclusive: Apple targets car production by 2024 and eyes 'next level' battery technology - sources"", 'analyticsattributes.contenttitle': ""Exclusive: Apple targets car production by 2024 and eyes 'next level' battery technology - sources"", 'analyticsattributes.canonicalurl': 'https://www.reuters.com/article/us-apple-autos-exclusive-idUSKBN28V2PY', 'analyticsattributes.channel': 'News', 'og:article:author': 'Stephen Nellis, Norihiko Shirouzu, Paul Lienert', 'msapplication-tilecolor': '#ff8000', 'sailthru.date': '2020-12-22T17:23:36Z', 'og:type': 'article', 'twitter:title': ""Exclusive: Apple targets car production by 2024 and eyes 'next level' battery technology - sources"", 'og:title': ""Exclusive: Apple targets car production by 2024 and eyes 'next level' battery technology - sources"", 'analyticsattributes.inlinetype': 'Image-Video', 'analyticsattributes.keywordslug': 'US-APPLE-AUTOS-EXCLUSIVE', 'analyticsattributes.author': 'Stephen Nellis, Norihiko Shirouzu, Paul Lienert', 'analyticsattributes.contentchannel': 'Business - Change Suite', 'sailthru.description': 'Apple Inc is moving forward with self-driving car technology and is targeting 2024 to produce a passenger vehicle that could include its own breakthrough battery technology, people familiar with the matter told Reuters.', 'viewport': 'width=device-width', 'twitter:description': 'Apple Inc is moving forward with self-driving car technology and is targeting 2024 to produce a passenger vehicle that could include its own breakthrough battery technology, people familiar with the matter told Reuters.', 'analyticsattributes.topicn2names': 'Automobiles / Auto Parts (Legacy),Automotive Batteries (TRBC level 5),Automobiles & Auto Parts (TRBC level 3),Auto & Truck Manufacturers (TRBC level 4),Company News,Products / Services,Electrical (Alternative) Vehicles (TRBC level 5),Enterprise Reporting,Exclusive,Lithium,Pictures,Major News,Phones & Smart Phones (TRBC level 5),Picture Available,Computer & Electronics Retailers (TRBC level 4),Software (TRBC level 4),Software & IT Services (TRBC level 3),Technology Equipment (TRBC level 2),Reuters Top News,United States', 'og:url': 'https://www.reuters.com/article/us-apple-autos-exclusive-idUSKBN28V2PY'}]",[{'src': 'https://static.reuters.com/resources/r/?m=02&d=20201222&t=2&i=1545461268&r=LYNXMPEGBK1HR&w=800'}],,,,,,,,https://static.reuters.com/resources/r/?m=02&d=20201222&t=2&i=1545461268&r=LYNXMPEGBK1HR&w=800,article,U.S.,Exclusive: Apple targets car production by 2024 and eyes 'next level' battery technology - sources,,"Apple Inc is moving forward with self-driving car technology and is targeting 2024 to produce a passenger vehicle that could include its own breakthrough battery technology, people familiar with the matter told Reuters.",,width=device-width,en_US,https://www.reuters.com/article/us-apple-autos-exclusive-idUSKBN28V2PY,,,,,,,,,,,,,,,summary_large_image,,,,@Reuters,,Exclusive: Apple targets car production by 2024 and eyes 'next level' battery technology - sources,,"Stephen Nellis, Norihiko Shirouzu, Paul Lienert",https://static.reuters.com/resources/r/?m=02&d=20201222&t=2&i=1545461268&r=LYNXMPEGBK1HR&w=800,"Apple Inc is moving forward with self-driving car technology and is targeting 2024 to produce a passenger vehicle that could include its own breakthrough battery technology, people familiar with the matter told Reuters.",,,,,,,,,,,,,,,,,,,2020-12-22T17:23:36Z,Business,newsOne;businessNews;technologyNews;gc08;BigStory12;charged;autos-news;autos-top;US-The-Wire;digital-future;consolidated-business;faang-tesla;nec-retail;change-suite;companies-mtal;everythingNews;companies-auto;autos-upclose;auto-code;USWire_EL;companies-semi;companies-swit,@Reuters,https://www.facebook.com/Reuters,2020-12-22T17:23:36Z,Change Suite,2020-12-22T17:23:36Z,reuters.com/business/changesuite/article,"US,APPLE,AUTOS,EXCLUSIVE,Automobiles / Auto Parts (Legacy),Automotive Batteries (TRBC level 5),Automobiles & Auto Parts (TRBC level 3),Auto & Truck Manufacturers (TRBC level 4),Company News,Products / Services,Electrical (Alternative) Vehicles (TRBC level 5),Enterprise Reporting,Exclusive,Lithium,Pictures,Major News,Phones & Smart Phones (TRBC level 5),Picture Available,Computer & Electronics Retailers (TRBC level 4),Software (TRBC level 4),Software & IT Services (TRBC level 3),Technology Equipment (TRBC level 2),Reuters Top News,United States",2020-12-21T20:41:18Z,"US,APPLE,AUTOS,EXCLUSIVE,Automobiles / Auto Parts (Legacy),Automotive Batteries (TRBC level 5),Automobiles & Auto Parts (TRBC level 3),Auto & Truck Manufacturers (TRBC level 4),Company News,Products / Services,Electrical (Alternative) Vehicles (TRBC level 5),Enterprise Reporting,Exclusive,Lithium,Pictures,Major News,Phones & Smart Phones (TRBC level 5),Picture Available,Computer & Electronics Retailers (TRBC level 4),Software (TRBC level 4),Software & IT Services (TRBC level 3),Technology Equipment (TRBC level 2),Reuters Top News,United States",https://static.reuters.com/resources/r/?m=02&d=20201222&t=2&i=1545461268&r=LYNXMPEGBK1HR&w=800,Change Suite,us,Article,https://static.reuters.com/resources/r/?m=02&d=20201222&t=2&i=1545461268&r=LYNXMPEGBK1HR&w=800,"Stephen Nellis, Norihiko Shirouzu, Paul Lienert",none,Exclusive: Apple targets car production by 2024 and eyes 'next level' battery technology - sources,#ffffff,"AUT,AUTBAT,AUTO,CARM,CMPNY,CPROD,ELEAV,EREP,EXCLSV,LITH,MTPIX,NEWS1,PHONES,PXP,RETE,SOFW,SWIT,TEEQ,TOPNWS,US",US;APPLE;AUTOS;EXCLUSIVE;Automobiles / Auto Parts (Legacy);Automotive Batteries (TRBC level 5);Automobiles & Auto Parts (TRBC level 3);Auto & Truck Manufacturers (TRBC level 4);Company News;Products / Services;Electrical (Alternative) Vehicles (TRBC level 5);Enterprise Reporting;Exclusive;Lithium;Pictures;Major News;Phones & Smart Phones (TRBC level 5);Picture Available;Computer & Electronics Retailers (TRBC level 4);Software (TRBC level 4);Software & IT Services (TRBC level 3);Technology Equipment (TRBC level 2);Reuters Top News;United States,Exclusive: Apple targets car production by 2024 and eyes 'next level' battery technology - sources,Exclusive: Apple targets car production by 2024 and eyes 'next level' battery technology - sources,https://www.reuters.com/article/us-apple-autos-exclusive-idUSKBN28V2PY,News,"Stephen Nellis, Norihiko Shirouzu, Paul Lienert",#ff8000,2020-12-22T17:23:36Z,Image-Video,US-APPLE-AUTOS-EXCLUSIVE,"Stephen Nellis, Norihiko Shirouzu, Paul Lienert",Business - Change Suite,"Apple Inc is moving forward with self-driving car technology and is targeting 2024 to produce a passenger vehicle that could include its own breakthrough battery technology, people familiar with the matter told Reuters.","Automobiles / Auto Parts (Legacy),Automotive Batteries (TRBC level 5),Automobiles & Auto Parts (TRBC level 3),Auto & Truck Manufacturers (TRBC level 4),Company News,Products / Services,Electrical (Alternative) Vehicles (TRBC level 5),Enterprise Reporting,Exclusive,Lithium,Pictures,Major News,Phones & Smart Phones (TRBC level 5),Picture Available,Computer & Electronics Retailers (TRBC level 4),Software (TRBC level 4),Software & IT Services (TRBC level 3),Technology Equipment (TRBC level 2),Reuters Top News,United States",,,,,,,,,,,,,,,,,,
17,11,us,Apple,18,Introducing AirPods Max — Apple,"Dec 8, 2020 ... Apple. 13.7M subscribers. Subscribe. High-fidelity audio. Active Noise 
Cancellation with Transparency mode. Spatial audio for theater-like ...",www.youtube.com,https://www.youtube.com/watch?v=FXI_-OesT3A,2020-12-29 11:59:16.228740+00:00,3690000000,,10,Holisticseo.digital,7b8760de16d1e86bc,0.48,"3,690,000,000",https://www.youtube.com/watch?v=FXI_-OesT3A,https://www.youtube.com/watch?v=FXI_-OesT3A,"Dec 8, 2020 <b>...</b> <b>Apple</b>. 13.7M subscribers. Subscribe. High-fidelity audio. Active Noise <br>
Cancellation with Transparency mode. Spatial audio for theater-like&nbsp;...",Introducing AirPods Max — <b>Apple</b>,utf8,customsearch#result,utf8,"{'cse_thumbnail': [{'src': 'https://encrypted-tbn3.gstatic.com/images?q=tbn:ANd9GcQWSkuISc_hCFAWXj61DB7PlrVVAghr4_8AK8wR3T-Ysh2PkLzTzkvoGHw', 'width': '300', 'height': '168'}], 'imageobject': [{'width': '1280', 'url': 'https://i.ytimg.com/vi/FXI_-OesT3A/maxresdefault.jpg', 'height': '720'}], 'person': [{'name': 'Apple', 'url': 'http://www.youtube.com/user/Apple'}], 'metatags': [{'og:image': 'https://i.ytimg.com/vi/FXI_-OesT3A/maxresdefault.jpg', 'theme-color': 'rgba(255,255,255,0.98)', 'og:image:width': '1280', 'twitter:card': 'player', 'og:site_name': 'YouTube', 'al:android:package': 'com.google.android.youtube', 'title': 'Introducing AirPods Max — Apple', 'al:ios:url': 'vnd.youtube://www.youtube.com/watch?v=FXI_-OesT3A&feature=applinks', 'og:description': 'High-fidelity audio. Active Noise Cancellation with Transparency mode. Spatial audio for theater-like sound that surrounds you. Stunning design with an excep...', 'al:ios:app_store_id': '544007664', 'og:video:type': 'text/html', 'og:video:height': '720', 'og:video:url': 'https://www.youtube.com/embed/FXI_-OesT3A', 'og:type': 'video.other', 'al:ios:app_name': 'YouTube', 'og:title': 'Introducing AirPods Max — Apple', 'og:image:height': '720', 'al:web:url': 'http://www.youtube.com/watch?v=FXI_-OesT3A&feature=applinks', 'og:video:secure_url': 'https://www.youtube.com/embed/FXI_-OesT3A', 'og:video:tag': 'Apple', 'og:video:width': '1280', 'al:android:url': 'vnd.youtube://www.youtube.com/watch?v=FXI_-OesT3A&feature=applinks', 'fb:app_id': '87741124305', 'og:url': 'https://www.youtube.com/watch?v=FXI_-OesT3A', 'al:android:app_name': 'YouTube'}], 'videoobject': [{'embedurl': 'https://www.youtube.com/embed/FXI_-OesT3A', 'playertype': 'HTML5 Flash', 'isfamilyfriendly': 'true', 'uploaddate': '2020-12-08', 'description': 'High-fidelity audio. Active Noise Cancellation with Transparency mode. Spatial audio for theater-like sound that surrounds you. Stunning design with an excep...', 'videoid': 'FXI_-OesT3A', 'url': 'https://www.youtube.com/watch?v=FXI_-OesT3A', 'duration': 'PT2M12S', 'unlisted': 'False', 'name': 'Introducing AirPods Max — Apple', 'paid': 'False', 'width': '1280', 'regionsallowed': 'AD,AE,AF,AG,AI,AL,AM,AO,AQ,AR,AS,AT,AU,AW,AX,AZ,BA,BB,BD,BE,BF,BG,BH,BI,BJ,BL,BM,BN,BO,BQ,BR,BS,BT,BV,BW,BY,BZ,CA,CC,CD,CF,CG,CH,CI,CK,CL,CM,CN,CO,CR,CU,CV,CW,CX,CY,CZ,DE,DJ,DK,DM,DO,DZ,EC,EE,EG,EH...', 'genre': 'Science & Technology', 'interactioncount': '5412526', 'channelid': 'UCE_M8A5yxnLfW0KghEeajjw', 'datepublished': '2020-12-08', 'thumbnailurl': 'https://i.ytimg.com/vi/FXI_-OesT3A/maxresdefault.jpg', 'height': '720'}], 'cse_image': [{'src': 'https://i.ytimg.com/vi/FXI_-OesT3A/maxresdefault.jpg'}]}",off,0.48276,11,"[{'src': 'https://encrypted-tbn3.gstatic.com/images?q=tbn:ANd9GcQWSkuISc_hCFAWXj61DB7PlrVVAghr4_8AK8wR3T-Ysh2PkLzTzkvoGHw', 'width': '300', 'height': '168'}]","[{'og:image': 'https://i.ytimg.com/vi/FXI_-OesT3A/maxresdefault.jpg', 'theme-color': 'rgba(255,255,255,0.98)', 'og:image:width': '1280', 'twitter:card': 'player', 'og:site_name': 'YouTube', 'al:android:package': 'com.google.android.youtube', 'title': 'Introducing AirPods Max — Apple', 'al:ios:url': 'vnd.youtube://www.youtube.com/watch?v=FXI_-OesT3A&feature=applinks', 'og:description': 'High-fidelity audio. Active Noise Cancellation with Transparency mode. Spatial audio for theater-like sound that surrounds you. Stunning design with an excep...', 'al:ios:app_store_id': '544007664', 'og:video:type': 'text/html', 'og:video:height': '720', 'og:video:url': 'https://www.youtube.com/embed/FXI_-OesT3A', 'og:type': 'video.other', 'al:ios:app_name': 'YouTube', 'og:title': 'Introducing AirPods Max — Apple', 'og:image:height': '720', 'al:web:url': 'http://www.youtube.com/watch?v=FXI_-OesT3A&feature=applinks', 'og:video:secure_url': 'https://www.youtube.com/embed/FXI_-OesT3A', 'og:video:tag': 'Apple', 'og:video:width': '1280', 'al:android:url': 'vnd.youtube://www.youtube.com/watch?v=FXI_-OesT3A&feature=applinks', 'fb:app_id': '87741124305', 'og:url': 'https://www.youtube.com/watch?v=FXI_-OesT3A', 'al:android:app_name': 'YouTube'}]",[{'src': 'https://i.ytimg.com/vi/FXI_-OesT3A/maxresdefault.jpg'}],,,"[{'width': '1280', 'url': 'https://i.ytimg.com/vi/FXI_-OesT3A/maxresdefault.jpg', 'height': '720'}]","[{'name': 'Apple', 'url': 'http://www.youtube.com/user/Apple'}]","[{'embedurl': 'https://www.youtube.com/embed/FXI_-OesT3A', 'playertype': 'HTML5 Flash', 'isfamilyfriendly': 'true', 'uploaddate': '2020-12-08', 'description': 'High-fidelity audio. Active Noise Cancellation with Transparency mode. Spatial audio for theater-like sound that surrounds you. Stunning design with an excep...', 'videoid': 'FXI_-OesT3A', 'url': 'https://www.youtube.com/watch?v=FXI_-OesT3A', 'duration': 'PT2M12S', 'unlisted': 'False', 'name': 'Introducing AirPods Max — Apple', 'paid': 'False', 'width': '1280', 'regionsallowed': 'AD,AE,AF,AG,AI,AL,AM,AO,AQ,AR,AS,AT,AU,AW,AX,AZ,BA,BB,BD,BE,BF,BG,BH,BI,BJ,BL,BM,BN,BO,BQ,BR,BS,BT,BV,BW,BY,BZ,CA,CC,CD,CF,CG,CH,CI,CK,CL,CM,CN,CO,CR,CU,CV,CW,CX,CY,CZ,DE,DJ,DK,DM,DO,DZ,EC,EE,EG,EH...', 'genre': 'Science & Technology', 'interactioncount': '5412526', 'channelid': 'UCE_M8A5yxnLfW0KghEeajjw', 'datepublished': '2020-12-08', 'thumbnailurl': 'https://i.ytimg.com/vi/FXI_-OesT3A/maxresdefault.jpg', 'height': '720'}]",,,https://i.ytimg.com/vi/FXI_-OesT3A/maxresdefault.jpg,video.other,YouTube,Introducing AirPods Max — Apple,,High-fidelity audio. Active Noise Cancellation with Transparency mode. Spatial audio for theater-like sound that surrounds you. Stunning design with an excep...,,,,https://www.youtube.com/watch?v=FXI_-OesT3A,,,,,,,,,,,,,,,player,YouTube,vnd.youtube://www.youtube.com/watch?v=FXI_-OesT3A&feature=applinks,544007664,,,,,,,,,,,1280,,,,,,,,720,,87741124305,,,,,,,,,,,,,,,,,,,,,,,,,"rgba(255,255,255,0.98)",,,,,,,,,,,,,,,,com.google.android.youtube,Introducing AirPods Max — Apple,text/html,720,https://www.youtube.com/embed/FXI_-OesT3A,http://www.youtube.com/watch?v=FXI_-OesT3A&feature=applinks,https://www.youtube.com/embed/FXI_-OesT3A,Apple,1280,vnd.youtube://www.youtube.com/watch?v=FXI_-OesT3A&feature=applinks,YouTube,,,,,,,
18,11,us,Apple,19,Apple lobbies against Uighur forced labor bill - The Washington Post,"Nov 20, 2020 ... But they both characterized Apple's effort as an attempt to water down the bill. AD
. AD. “What Apple would like ...",www.washingtonpost.com,https://www.washingtonpost.com/technology/2020/11/20/apple-uighur/,2020-12-29 11:59:16.228740+00:00,3690000000,-RkABT4NhOMJ,10,Holisticseo.digital,7b8760de16d1e86bc,0.48,"3,690,000,000",https://www.washingtonpost.com/technology/2020/11/20/apple-uighur/,https://www.washingtonpost.com/technology/2020/11/20/<b>apple</b>-uighur/,"Nov 20, 2020 <b>...</b> But they both characterized <b>Apple&#39;s</b> effort as an attempt to water down the bill. AD<br>
. AD. “What <b>Apple</b> would like&nbsp;...",<b>Apple</b> lobbies against Uighur forced labor bill - The Washington Post,utf8,customsearch#result,utf8,"{'cse_thumbnail': [{'src': 'https://encrypted-tbn1.gstatic.com/images?q=tbn:ANd9GcR3WG1HMg5ZQvQa6eKwc9OqZX2czEisOuPmcI4ji0XRg0TF6oFouxm9jtyL', 'width': '275', 'height': '183'}], 'metatags': [{'og:image': 'https://www.washingtonpost.com/wp-apps/imrs.php?src=https://arc-anglerfish-washpost-prod-washpost.s3.amazonaws.com/public/DVAIZRQZVUI6XC62QFGKK3QTRM.jpg&w=1440', 'og:type': 'article', 'twitter:card': 'summary_large_image', 'twitter:title': 'Apple is lobbying against a bill aimed at stopping forced labor in China', 'article:published_time': '2020-11-20T19:00:59.574Z', 'article:section': 'Technology', 'og:site_name': 'Washington Post', 'og:title': 'Apple is lobbying against a bill aimed at stopping forced labor in China', 'og:description': 'Apple wants to water down key provisions of the bill, which would hold U.S. companies accountable for using Uighur forced labor, according to two congressional staffers.', 'next-head-count': '2', 'twitter:site': '@WashingtonPost', 'article:modified_time': '2020-11-21T19:29:56.605Z', 'viewport': 'width=device-width, initial-scale=1', 'twitter:description': 'Apple wants to water down key provisions of the bill, which would hold U.S. companies accountable for using Uighur forced labor, according to two congressional staffers.', 'article:content_tier': 'metered', 'og:url': 'https://www.washingtonpost.com/technology/2020/11/20/apple-uighur/', 'last_updated_date': '2020-11-21T19:29:56.605Z', 'article:opinion': 'false'}], 'cse_image': [{'src': 'https://www.washingtonpost.com/wp-apps/imrs.php?src=https://arc-anglerfish-washpost-prod-washpost.s3.amazonaws.com/public/DVAIZRQZVUI6XC62QFGKK3QTRM.jpg&w=1440'}]}",off,0.48276,11,"[{'src': 'https://encrypted-tbn1.gstatic.com/images?q=tbn:ANd9GcR3WG1HMg5ZQvQa6eKwc9OqZX2czEisOuPmcI4ji0XRg0TF6oFouxm9jtyL', 'width': '275', 'height': '183'}]","[{'og:image': 'https://www.washingtonpost.com/wp-apps/imrs.php?src=https://arc-anglerfish-washpost-prod-washpost.s3.amazonaws.com/public/DVAIZRQZVUI6XC62QFGKK3QTRM.jpg&w=1440', 'og:type': 'article', 'twitter:card': 'summary_large_image', 'twitter:title': 'Apple is lobbying against a bill aimed at stopping forced labor in China', 'article:published_time': '2020-11-20T19:00:59.574Z', 'article:section': 'Technology', 'og:site_name': 'Washington Post', 'og:title': 'Apple is lobbying against a bill aimed at stopping forced labor in China', 'og:description': 'Apple wants to water down key provisions of the bill, which would hold U.S. companies accountable for using Uighur forced labor, according to two congressional staffers.', 'next-head-count': '2', 'twitter:site': '@WashingtonPost', 'article:modified_time': '2020-11-21T19:29:56.605Z', 'viewport': 'width=device-width, initial-scale=1', 'twitter:description': 'Apple wants to water down key provisions of the bill, which would hold U.S. companies accountable for using Uighur forced labor, according to two congressional staffers.', 'article:content_tier': 'metered', 'og:url': 'https://www.washingtonpost.com/technology/2020/11/20/apple-uighur/', 'last_updated_date': '2020-11-21T19:29:56.605Z', 'article:opinion': 'false'}]",[{'src': 'https://www.washingtonpost.com/wp-apps/imrs.php?src=https://arc-anglerfish-washpost-prod-washpost.s3.amazonaws.com/public/DVAIZRQZVUI6XC62QFGKK3QTRM.jpg&w=1440'}],,,,,,,,https://www.washingtonpost.com/wp-apps/imrs.php?src=https://arc-anglerfish-washpost-prod-washpost.s3.amazonaws.com/public/DVAIZRQZVUI6XC62QFGKK3QTRM.jpg&w=1440,article,Washington Post,Apple is lobbying against a bill aimed at stopping forced labor in China,,"Apple wants to water down key provisions of the bill, which would hold U.S. companies accountable for using Uighur forced labor, according to two congressional staffers.",,"width=device-width, initial-scale=1",,https://www.washingtonpost.com/technology/2020/11/20/apple-uighur/,,,,,,,,,,,,,,,summary_large_image,,,,@WashingtonPost,,Apple is lobbying against a bill aimed at stopping forced labor in China,,,,"Apple wants to water down key provisions of the bill, which would hold U.S. companies accountable for using Uighur forced labor, according to two congressional staffers.",,,,,,,,,,,,,,,,,,,,,,,,,,,,,,,,,,,,,,,,,,,,,,,,,,,,,,,,,,,,,,,,,,2020-11-20T19:00:59.574Z,Technology,2,2020-11-21T19:29:56.605Z,metered,2020-11-21T19:29:56.605Z,false
19,11,us,Apple,20,MacBook Pro bricked after failed Big Sur … - Apple Community,"Hi Guys and Gals. I saw that there was an update to Big Sur today so clicked 
update. It all downloaded fine and I clicked all the items to go ...",discussions.apple.com,https://discussions.apple.com/thread/252034110,2020-12-29 11:59:16.228740+00:00,3690000000,nh0Y0mSCzUEJ,10,Holisticseo.digital,7b8760de16d1e86bc,0.48,"3,690,000,000",https://discussions.apple.com/thread/252034110,https://discussions.<b>apple</b>.com/thread/252034110,"Hi Guys and Gals. I saw that there was an update to Big Sur today so clicked <br>
update. It all downloaded fine and I clicked all the items to go&nbsp;...",MacBook Pro bricked after failed Big Sur … - <b>Apple</b> Community,utf8,customsearch#result,utf8,"{'cse_thumbnail': [{'src': 'https://encrypted-tbn3.gstatic.com/images?q=tbn:ANd9GcRJU-uZ2De1-sY7ng8OZEpaPTkJ3yTJ7Rdzq6xwI74PdNZ3csOY8PZ7GFXW', 'width': '128', 'height': '128'}], 'metatags': [{'ac-gn-search-action': 'https://support.apple.com/kb/index', 'viewport': 'width=device-width, height=device-height, initial-scale=1, minimum-scale=1, viewport-fit=cover', 'ac-gn-store-key': 'S2A49YFKJF2JAT22K', 'ac-gn-search-field[src]': 'globalnav_support', 'ac-gn-search-field[type]': 'organic', 'ac-gn-search-field[locale]': 'en_US', 'ac-gn-search-field[page]': 'search', 'ac-gn-search-input': 'q'}], 'cse_image': [{'src': 'https://discussions.apple.com/public/assets/avatars/SYSTEM_DEFAULT_AVATAR_EN_1120.png'}]}",off,0.48276,11,"[{'src': 'https://encrypted-tbn3.gstatic.com/images?q=tbn:ANd9GcRJU-uZ2De1-sY7ng8OZEpaPTkJ3yTJ7Rdzq6xwI74PdNZ3csOY8PZ7GFXW', 'width': '128', 'height': '128'}]","[{'ac-gn-search-action': 'https://support.apple.com/kb/index', 'viewport': 'width=device-width, height=device-height, initial-scale=1, minimum-scale=1, viewport-fit=cover', 'ac-gn-store-key': 'S2A49YFKJF2JAT22K', 'ac-gn-search-field[src]': 'globalnav_support', 'ac-gn-search-field[type]': 'organic', 'ac-gn-search-field[locale]': 'en_US', 'ac-gn-search-field[page]': 'search', 'ac-gn-search-input': 'q'}]",[{'src': 'https://discussions.apple.com/public/assets/avatars/SYSTEM_DEFAULT_AVATAR_EN_1120.png'}],,,,,,,,,,,,S2A49YFKJF2JAT22K,,,"width=device-width, height=device-height, initial-scale=1, minimum-scale=1, viewport-fit=cover",,,,,,,en_US,q,,https://support.apple.com/kb/index,,globalnav_support,organic,,,search,,,,,,,,,,,,,,,,,,,,,,,,,,,,,,,,,,,,,,,,,,,,,,,,,,,,,,,,,,,,,,,,,,,,,,,,,,,,,,,,,,,
